"0","# Set seed anew, so chunks can also be run independently"
"0","set.seed(100)"
"0",""
"0","# Additional parameters"
"0","iterations <- 100"
"0","T <- 20"
"0","N <- 90"
"0","n_treated <- 10"
"0","pre_control_trend <- 0.1"
"0","pre_treated_trend <- 0.3"
"0","post_control_trend <- 0.1"
"0","post_treated_trend <- 0.3"
"0","treated_mean = 3"
"0","treatment_effect <- 1"
"0","treatment_period <- T -5"
"0",""
"0","# Set up list of simulation parameters"
"0","simulation_params <- list(N = N, T = T, n_treated = n_treated, treatment_period = treatment_period,"
"0","                           pre_control_trend = pre_control_trend, pre_treated_trend = pre_treated_trend,"
"0","                           post_control_trend = post_control_trend, post_treated_trend = post_treated_trend,"
"0","                           treatment_effect = treatment_effect, effect = effect, treated_mean = treated_mean)"
"0",""
"0","# Simulation and estimation"
"0","results <- repeated_simulation(simulation_function = treatment_simulation,"
"0","                                     simulation_params = simulation_params, iterations = iterations, iptw = FALSE)"
"0","set.seed(100)"
"0","results_iptw <- repeated_simulation(simulation_function = treatment_simulation,"
"0","                                     simulation_params = simulation_params, iterations = iterations, iptw = TRUE)"
"0",""
"0","estimates <- results$estimates"
"0","estimates_iptw <- results_iptw$estimates"
"0",""
"0","plot_estimates(estimates)"
