"0","set.seed(100)"
"0",""
"0","# Set additional parameters"
"0","N <- 100"
"0","n_treated <- 5"
"0","treated_trends <- c(0.2, 0.3, 0.5, 0.75, 1)"
"0",""
"0","# Initialize df to store estimates per iteration"
"0","all_estimates <- data.frame(matrix(ncol = 5, nrow = 0))"
"0","colnames(all_estimates) <- c(""Effect"", ""Post Treated Trend"", ""did"", ""sc"", ""sdid"")"
"0",""
"0","for(i in 1:length(treated_trends)){"
"0","  "
"0","  pre_treated_trend <- treated_trends[i]"
"0","  post_treated_trend <- pre_treated_trend"
"0","  "
"0","  simulation_params <- list(N = N, T = T, n_treated = n_treated, treatment_period = treatment_period,"
"0","                           pre_control_trend = pre_control_trend, pre_treated_trend = pre_treated_trend,"
"0","                           post_control_trend = post_control_trend, post_treated_trend = post_treated_trend,"
"0","                           treatment_effect = treatment_effect, effect = effect)"
"0","  "
"0","  # Simulation & estimation"
"0","  results <- repeated_simulation(simulation_function = treatment_simulation,"
"0","                                     simulation_params = simulation_params, iterations = iterations)"
"0","  # Grab estimates"
"0","  estimates <- results$estimates"
"0","  "
"0","  # Grab one example df at random index"
"0","  df <- results$dfs[[index]]"
"0","  "
"0","  # Save example df"
"0","  write.csv(df, paste0(path, ""/Output/Data/Example DFs/example_df_treated_trend_"", pre_treated_trend, "".csv""))"
"0","  "
"0","  # Add additional simulation parameters to estimates"
"0","  estimates <- cbind(treatment_effect, post_treated_trend, estimates)"
"0","  colnames(estimates) <- c(""Effect"", ""Post Treated Trend"", ""did"", ""sc"", ""sdid"")"
"0","  "
"0","  # Append estimates to all_estimates dataframe"
"0","  all_estimates <- rbind(all_estimates, estimates)"
"0","  "
"0","  # Save plot of grouped simulations within each iteration"
"0","  plot_grouped_simulations(results$dfs) %>%"
"0","    ggsave(filename = paste0(path, ""/Output/Plots/data_plot_treated_trend_"","
"0","                             post_treated_trend, "".png""), width = 10, height = 5, units = ""in"", dpi = 300)"
"0","  "
"0","  # Print progress info"
"0","  print(paste0(""Finished simulation for treated trend = "", pre_treated_trend, "" at "", Sys.time()))"
"0","}"
