{"chunk_definitions":[{"row":20,"row_count":1,"visible":true,"expansion_state":0,"options":{"engine":"r","label":"Setup","warning":false,"message":false,"dev":"png"},"document_id":"DBDA5013","chunk_id":"csetup_chunk","chunk_label":"Setup"},{"row":97,"row_count":1,"visible":true,"expansion_state":0,"options":{"engine":"r","label":"Effect of sample sizes","warning":false,"message":false,"dev":"png"},"document_id":"DBDA5013","chunk_id":"c3unsr3y1gklo","chunk_label":"Effect of sample sizes"},{"row":171,"row_count":1,"visible":true,"expansion_state":0,"options":{"engine":"r","label":"Effect of Treatment periods","dev":"png"},"document_id":"DBDA5013","chunk_id":"cy51th824dplq","chunk_label":"Effect of Treatment periods"},{"row":268,"row_count":1,"visible":true,"expansion_state":0,"options":{"engine":"r","label":"Effect of heterogeneity","dev":"png"},"document_id":"DBDA5013","chunk_id":"co5rlg14wfkj5","chunk_label":"Effect of heterogeneity"},{"row":340,"row_count":1,"visible":true,"expansion_state":0,"options":{"engine":"r","label":"Violation of parallel trends","dev":"png"},"document_id":"DBDA5013","chunk_id":"cpq0slovw8h7b","chunk_label":"Violation of parallel trends"},{"row":481,"row_count":1,"visible":true,"expansion_state":0,"options":{"engine":"r","label":"Really large samples","dev":"png"},"document_id":"DBDA5013","chunk_id":"ce60km9yqgzvw","chunk_label":"Really large samples"},{"row":533,"row_count":1,"visible":true,"expansion_state":0,"options":{"engine":"r","label":"Exemplary visualizations","dev":"png"},"document_id":"DBDA5013","chunk_id":"cn3o0e15h713s","chunk_label":"Exemplary visualizations"}],"doc_write_time":1718488205,"chunk_rendered_width":700}