"","N","SDiD","SC","TWFE"
"1",10,0.0065009593963623,0.00663995742797852,0.0101039409637451
"2",10,0.0388710498809814,0.00560808181762695,0.0113108158111572
"3",10,0.0421178340911865,0.00189113616943359,0.00993990898132324
"4",10,0.204440116882324,0.20681095123291,0.0119290351867676
"5",10,0.00519394874572754,0.00150179862976074,0.0102238655090332
"6",10,0.00450015068054199,0.00145816802978516,0.00998187065124512
"7",10,0.106275081634521,0.0018761157989502,0.00974321365356445
"8",10,0.0443739891052246,0.00611495971679688,0.0110518932342529
"9",10,0.00485515594482422,0.00166201591491699,0.0100960731506348
"10",10,0.0132210254669189,0.00381302833557129,0.0108120441436768
"11",10,0.316011905670166,0.21894383430481,0.0104460716247559
"12",10,0.0335638523101807,0.00370502471923828,0.0106179714202881
"13",10,0.00503897666931152,0.00384712219238281,0.0219929218292236
"14",10,0.0486171245574951,0.00181293487548828,0.0107169151306152
"15",10,0.209023952484131,0.211596965789795,0.0113821029663086
"16",10,0.0150001049041748,0.211748123168945,0.0299818515777588
"17",10,0.0535910129547119,0.00185394287109375,0.0103549957275391
"18",10,0.0111970901489258,0.00399017333984375,0.0116100311279297
"19",10,0.0063929557800293,0.00179886817932129,0.0116279125213623
"20",10,0.0107481479644775,0.0120818614959717,0.0118498802185059
"21",10,0.205951929092407,0.00177216529846191,0.0113151073455811
"22",10,0.0582830905914307,0.016218900680542,0.0106959342956543
"23",10,0.00531601905822754,0.00152087211608887,0.00993704795837402
"24",10,0.00805783271789551,0.00341510772705078,0.0104169845581055
"25",10,0.00814390182495117,0.00151515007019043,0.0106439590454102
"26",10,0.0193638801574707,0.200605154037476,0.0223431587219238
"27",10,0.00561809539794922,0.204182863235474,0.01009202003479
"28",10,0.181469917297363,0.00177192687988281,0.0104339122772217
"29",10,0.00256013870239258,0.00145506858825684,0.010699987411499
"30",10,0.0260570049285889,0.00481700897216797,0.0111508369445801
"31",10,0.211176156997681,0.201322078704834,0.0113718509674072
"32",10,0.0853710174560547,0.20240306854248,0.0104019641876221
"33",10,0.0313839912414551,0.00166797637939453,0.0107769966125488
"34",10,0.409685134887695,0.210489988327026,0.0110611915588379
"35",10,0.180840969085693,0.00177192687988281,0.0103940963745117
"36",10,0.20567798614502,0.00399398803710938,0.0120289325714111
"37",10,0.175187110900879,0.018679141998291,0.0108599662780762
"38",10,0.00850605964660645,0.0014350414276123,0.0104000568389893
"39",10,0.0383090972900391,0.0041658878326416,0.0108799934387207
"40",10,0.0323331356048584,0.00385594367980957,0.0124690532684326
"41",10,0.0342350006103516,0.199298858642578,0.0113141536712646
"42",10,0.220108985900879,0.199778079986572,0.0105538368225098
"43",10,0.0490250587463379,0.00512099266052246,0.0104808807373047
"44",10,0.00565218925476074,0.0035698413848877,0.0102238655090332
"45",10,0.260231018066406,0.00540399551391602,0.0110321044921875
"46",10,0.0595479011535645,0.00622892379760742,0.0112290382385254
"47",10,0.00252890586853027,0.00150203704833984,0.0101480484008789
"48",10,0.0239009857177734,0.213560819625854,0.0111980438232422
"49",10,0.0425310134887695,0.00469303131103516,0.0103950500488281
"50",10,0.026029109954834,0.00875687599182129,0.0111031532287598
"51",10,0.029778003692627,0.0128369331359863,0.0101840496063232
"52",10,0.212016820907593,0.200800895690918,0.0112857818603516
"53",10,0.0274910926818848,0.202397108078003,0.0107030868530273
"54",10,0.205363988876343,0.20079493522644,0.0108659267425537
"55",10,0.0233910083770752,0.00168895721435547,0.0106410980224609
"56",10,0.00438594818115234,0.00345206260681152,0.0101821422576904
"57",10,0.100755929946899,0.213135957717896,0.0110180377960205
"58",10,0.00543999671936035,0.19876503944397,0.0105118751525879
"59",10,0.0161030292510986,0.0670678615570068,0.0114729404449463
"60",10,0.215329170227051,0.00440001487731934,0.0111849308013916
"61",10,0.205258846282959,0.00354599952697754,0.0102670192718506
"62",10,0.0123882293701172,0.032757043838501,0.0109291076660156
"63",10,0.00464105606079102,0.201735019683838,0.0107541084289551
"64",10,0.0096900463104248,0.00156283378601074,0.0110459327697754
"65",10,0.231283903121948,0.0245180130004883,0.0108020305633545
"66",10,0.0117049217224121,0.0118701457977295,0.0108499526977539
"67",10,0.00464415550231934,0.00337791442871094,0.010735034942627
"68",10,0.0652830600738525,0.199743032455444,0.0108678340911865
"69",10,0.0120038986206055,0.145462036132812,0.0116958618164062
"70",10,0.0306320190429688,0.215539932250977,0.0112769603729248
"71",10,0.00536608695983887,0.0101990699768066,0.0102100372314453
"72",10,0.0433290004730225,0.00352597236633301,0.0110979080200195
"73",10,0.0104129314422607,0.00619912147521973,0.0108480453491211
"74",10,0.218700885772705,0.200353860855103,0.011307954788208
"75",10,0.0597281455993652,0.00987696647644043,0.010673999786377
"76",10,0.0148310661315918,0.00430607795715332,0.0109200477600098
"77",10,0.211378812789917,0.00896406173706055,0.0104959011077881
"78",10,0.0456869602203369,0.00178909301757812,0.0112791061401367
"79",10,0.00469517707824707,0.00446891784667969,0.0107598304748535
"80",10,0.0162839889526367,0.00359106063842773,0.0101339817047119
"81",10,0.120580911636353,0.00538086891174316,0.0110619068145752
"82",10,0.207882881164551,0.0326840877532959,0.0112848281860352
"83",10,0.00642895698547363,0.00731801986694336,0.0105278491973877
"84",10,0.00719904899597168,0.00363802909851074,0.010390043258667
"85",10,0.0214560031890869,0.200973987579346,0.0115349292755127
"86",10,0.021892786026001,0.20143985748291,0.0111598968505859
"87",10,0.0494799613952637,0.00421810150146484,0.0103280544281006
"88",10,0.00637507438659668,0.0702991485595703,0.0113329887390137
"89",10,0.0046989917755127,0.00150394439697266,0.0101010799407959
"90",10,0.0201301574707031,0.00164699554443359,0.0107531547546387
"91",10,0.0880379676818848,0.00394511222839355,0.0112209320068359
"92",10,0.203552961349487,0.202295064926147,0.0108699798583984
"93",10,0.0106840133666992,0.0039680004119873,0.010822057723999
"94",10,0.114148855209351,0.0202319622039795,0.0106000900268555
"95",10,0.0170221328735352,0.00159502029418945,0.0218048095703125
"96",10,0.110461235046387,0.0038299560546875,0.0107808113098145
"97",10,0.0215959548950195,0.213984966278076,0.0111231803894043
"98",10,0.0140259265899658,0.00480103492736816,0.0105569362640381
"99",10,0.00684213638305664,0.0212709903717041,0.0104889869689941
"100",10,0.00875401496887207,0.202254056930542,0.0110409259796143
"101",50,0.286365985870361,0.24956202507019,0.01084303855896
"102",50,0.279945850372314,0.276394844055176,0.0115370750427246
"103",50,0.253196001052856,0.250883102416992,0.0113480091094971
"104",50,0.275749921798706,0.249221086502075,0.0110359191894531
"105",50,0.401661157608032,0.268615961074829,0.0110650062561035
"106",50,0.226818799972534,0.251536130905151,0.0118629932403564
"107",50,0.708125829696655,0.190030097961426,0.0108780860900879
"108",50,0.255326986312866,0.25219988822937,0.0112841129302979
"109",50,0.163857936859131,0.249699115753174,0.0111141204833984
"110",50,0.274740934371948,0.249423027038574,0.0111169815063477
"111",50,0.517274856567383,0.248693943023682,0.0112159252166748
"112",50,0.253597021102905,0.272979021072388,0.0119388103485107
"113",50,0.253664970397949,0.252300024032593,0.0117290019989014
"114",50,0.275269985198975,0.248157024383545,0.01167893409729
"115",50,0.236027956008911,0.273339986801147,0.0107100009918213
"116",50,0.251877784729004,0.248528003692627,0.0115201473236084
"117",50,0.27491307258606,0.250488996505737,0.0112771987915039
"118",50,0.252672910690308,0.252976179122925,0.0341179370880127
"119",50,0.25098705291748,0.250976085662842,0.0111470222473145
"120",50,0.282383918762207,0.275840044021606,0.0122761726379395
"121",50,0.252131938934326,0.2552490234375,0.0114479064941406
"122",50,0.274735927581787,0.254220008850098,0.0110249519348145
"123",50,0.256058216094971,0.272444009780884,0.0112619400024414
"124",50,0.254117965698242,0.251775026321411,0.0116348266601562
"125",50,0.278800010681152,0.250855922698975,0.011483907699585
"126",50,0.259923934936523,0.274303913116455,0.0119061470031738
"127",50,0.253277063369751,0.252020120620728,0.0112972259521484
"128",50,0.288355112075806,0.249228000640869,0.0111780166625977
"129",50,0.2552809715271,0.270188093185425,0.0111551284790039
"130",50,0.233012914657593,0.250364065170288,0.0111429691314697
"131",50,0.232841014862061,0.272907018661499,0.0109829902648926
"132",50,0.403308868408203,0.248754978179932,0.011354923248291
"133",50,0.266588926315308,0.253825902938843,0.0116090774536133
"134",50,0.323351144790649,0.270393848419189,0.0110440254211426
"135",50,0.311116933822632,0.271450042724609,0.0111339092254639
"136",50,0.25295090675354,0.258431911468506,0.0108590126037598
"137",50,0.210859060287476,0.269567012786865,0.0110909938812256
"138",50,0.253591060638428,0.249037027359009,0.0114259719848633
"139",50,0.274574995040894,0.252903938293457,0.0117721557617188
"140",50,0.192167997360229,0.250414133071899,0.0110189914703369
"141",50,0.277015209197998,0.251858949661255,0.011124849319458
"142",50,0.254909992218018,0.272756099700928,0.0115499496459961
"143",50,0.251013994216919,0.251394033432007,0.0115408897399902
"144",50,0.0593209266662598,0.250268936157227,0.0109171867370605
"145",50,0.222502946853638,0.253086805343628,0.011523962020874
"146",50,0.517883062362671,0.252116918563843,0.0109238624572754
"147",50,0.523298978805542,0.342265844345093,0.0111610889434814
"148",50,0.259346961975098,0.275081872940063,0.0115759372711182
"149",50,0.29581093788147,0.276757955551147,0.0118608474731445
"150",50,0.252745866775513,0.252226114273071,0.0113799571990967
"151",50,0.274234056472778,0.250248908996582,0.0113940238952637
"152",50,0.255573034286499,0.273751020431519,0.0110969543457031
"153",50,0.262781858444214,0.253201007843018,0.0110828876495361
"154",50,0.278012037277222,0.247179985046387,0.0104341506958008
"155",50,0.120805978775024,0.251702070236206,0.0106899738311768
"156",50,0.253324031829834,0.282622098922729,0.0112700462341309
"157",50,0.25832986831665,0.254109144210815,0.010779857635498
"158",50,0.294598817825317,0.24989914894104,0.0115711688995361
"159",50,0.536778926849365,0.266784191131592,0.0112221240997314
"160",50,0.269178152084351,0.405344009399414,0.0139000415802002
"161",50,0.169146776199341,0.291849136352539,0.0121910572052002
"162",50,0.26531195640564,0.460696935653687,0.0126550197601318
"163",50,0.297498941421509,0.274412155151367,0.0127780437469482
"164",50,0.282759189605713,0.277207136154175,0.0114600658416748
"165",50,0.139120817184448,0.299093008041382,0.0118329524993896
"166",50,0.309948921203613,0.319528102874756,0.0130150318145752
"167",50,0.277022123336792,0.295077800750732,0.0116631984710693
"168",50,0.271306991577148,0.282136917114258,0.012300968170166
"169",50,0.374227046966553,0.290375947952271,0.0109500885009766
"170",50,0.272722005844116,0.291357040405273,0.0110890865325928
"171",50,0.499965190887451,0.292658090591431,0.0123100280761719
"172",50,0.537438869476318,0.266427993774414,0.0107440948486328
"173",50,0.266474008560181,0.269479036331177,0.0109310150146484
"174",50,0.268164157867432,0.284814119338989,0.0109419822692871
"175",50,0.530391931533813,0.287396907806396,0.0105259418487549
"176",50,0.269622087478638,0.268733024597168,0.0113630294799805
"177",50,0.288305997848511,0.26460599899292,0.0113968849182129
"178",50,0.272110939025879,0.287863969802856,0.0109238624572754
"179",50,0.279839992523193,0.269428968429565,0.0108518600463867
"180",50,0.289293050765991,0.265809774398804,0.0115640163421631
"181",50,0.282068967819214,0.288711071014404,0.0106668472290039
"182",50,0.268806934356689,0.26628303527832,0.0110461711883545
"183",50,0.290197134017944,0.265347957611084,0.0112640857696533
"184",50,0.283437013626099,0.291293859481812,0.0114212036132812
"185",50,0.207772016525269,0.267336130142212,0.0113120079040527
"186",50,0.320584058761597,0.266786098480225,0.010671854019165
"187",50,0.0581190586090088,0.29284405708313,0.0110881328582764
"188",50,0.286030054092407,0.27361011505127,0.0146799087524414
"189",50,0.334133863449097,0.273281097412109,0.0115470886230469
"190",50,0.574557065963745,0.270424127578735,0.0119130611419678
"191",50,0.277955055236816,0.287077903747559,0.0114917755126953
"192",50,0.0703079700469971,0.264899969100952,0.0111520290374756
"193",50,0.272711038589478,0.262131929397583,0.010530948638916
"194",50,0.134560108184814,0.269075155258179,0.011171817779541
"195",50,0.155593872070312,0.265168190002441,0.0110659599304199
"196",50,0.279973030090332,0.293359041213989,0.0110549926757812
"197",50,0.625280141830444,0.372030973434448,0.0133919715881348
"198",50,0.416682958602905,0.295406103134155,0.0136289596557617
"199",50,0.352318048477173,0.338150978088379,0.0109488964080811
"200",50,0.334334135055542,0.291589975357056,0.0108270645141602
"201",100,0.332994937896729,0.346031904220581,0.0112261772155762
"202",100,0.487589836120605,0.0937709808349609,0.0127289295196533
"203",100,0.332926988601685,0.319092035293579,0.0112431049346924
"204",100,0.651103973388672,0.336715936660767,0.0108850002288818
"205",100,0.348103046417236,0.0684120655059814,0.0108480453491211
"206",100,0.34194278717041,0.359079122543335,0.011887788772583
"207",100,0.3592209815979,0.320250988006592,0.0113279819488525
"208",100,0.367372035980225,0.32489013671875,0.0126039981842041
"209",100,0.444574117660522,0.339154958724976,0.0109169483184814
"210",100,0.32387900352478,0.320796012878418,0.011314868927002
"211",100,0.411623001098633,0.345097064971924,0.0107851028442383
"212",100,0.326777935028076,0.341598987579346,0.0133821964263916
"213",100,0.481405973434448,0.316052913665771,0.0109789371490479
"214",100,0.351043939590454,0.17624306678772,0.012099027633667
"215",100,0.338828086853027,0.341367959976196,0.0108990669250488
"216",100,0.337743997573853,0.337255001068115,0.0111029148101807
"217",100,0.322519063949585,0.160283088684082,0.0112318992614746
"218",100,0.339552879333496,0.318189144134521,0.0104148387908936
"219",100,0.361406087875366,0.357120037078857,0.0126121044158936
"220",100,0.532875061035156,0.328020811080933,0.0106449127197266
"221",100,0.326992988586426,0.335641145706177,0.011124849319458
"222",100,0.327093124389648,0.160608053207397,0.011509895324707
"223",100,0.384511232376099,0.333605051040649,0.0119929313659668
"224",100,0.397402048110962,0.346652030944824,0.0109069347381592
"225",100,0.390997886657715,0.341713190078735,0.0112490653991699
"226",100,0.343235015869141,0.31955885887146,0.0106620788574219
"227",100,0.342406034469604,0.320400953292847,0.0113711357116699
"228",100,0.343503952026367,0.162292957305908,0.0106520652770996
"229",100,0.33271598815918,0.343729972839355,0.0115668773651123
"230",100,0.325654029846191,0.397539854049683,0.0133130550384521
"231",100,0.352777004241943,0.332430839538574,0.0109221935272217
"232",100,0.347126960754395,0.283781051635742,0.0115141868591309
"233",100,0.336965084075928,0.142910003662109,0.0107240676879883
"234",100,0.357769012451172,0.326895952224731,0.0120139122009277
"235",100,0.350023984909058,0.318922996520996,0.0114130973815918
"236",100,0.347748041152954,0.320317983627319,0.011340856552124
"237",100,0.334083080291748,0.351714849472046,0.0107169151306152
"238",100,0.327364206314087,0.347541093826294,0.0121939182281494
"239",100,0.366976976394653,0.245251893997192,0.0113201141357422
"240",100,0.325021982192993,0.336897134780884,0.01090407371521
"241",100,0.324517965316772,0.335952997207642,0.0122590065002441
"242",100,0.35345983505249,0.337980985641479,0.0112569332122803
"243",100,0.330374956130981,0.0999948978424072,0.0114688873291016
"244",100,0.653311967849731,0.319739103317261,0.0112879276275635
"245",100,0.340918064117432,0.234123945236206,0.0111520290374756
"246",100,0.345676898956299,0.320086002349854,0.0104320049285889
"247",100,0.500436067581177,0.317898988723755,0.0113749504089355
"248",100,0.322974920272827,0.0852179527282715,0.0112259387969971
"249",100,0.33388614654541,0.338119983673096,0.0111241340637207
"250",100,0.327072858810425,0.335921049118042,0.0108969211578369
"251",100,0.323837041854858,0.318716049194336,0.0113379955291748
"252",100,0.368242979049683,0.3229820728302,0.0123569965362549
"253",100,0.348327875137329,0.322808027267456,0.0109250545501709
"254",100,0.374680995941162,0.320984125137329,0.0118961334228516
"255",100,0.341968059539795,0.321904897689819,0.0116291046142578
"256",100,0.32663893699646,0.339106798171997,0.010857105255127
"257",100,0.435258865356445,0.252429008483887,0.011030912399292
"258",100,0.333079099655151,0.34188985824585,0.0111169815063477
"259",100,0.340130805969238,0.337940216064453,0.0112309455871582
"260",100,0.328611135482788,0.336516141891479,0.0117068290710449
"261",100,0.3908851146698,0.324595212936401,0.0116360187530518
"262",100,0.345633029937744,0.321553945541382,0.0115170478820801
"263",100,0.329170942306519,0.383886098861694,0.0113010406494141
"264",100,0.336657047271729,0.337767839431763,0.0110588073730469
"265",100,0.328240156173706,0.365203142166138,0.0113041400909424
"266",100,0.353549003601074,0.342041969299316,0.0110869407653809
"267",100,0.556372165679932,0.320803880691528,0.0108439922332764
"268",100,0.35079288482666,0.327425003051758,0.0114338397979736
"269",100,0.339946985244751,0.3214271068573,0.0111348628997803
"270",100,0.3575119972229,0.318510770797729,0.0108921527862549
"271",100,0.384980916976929,0.328437089920044,0.011167049407959
"272",100,0.537152051925659,0.494906902313232,0.0114450454711914
"273",100,0.337100028991699,0.324312925338745,0.0128209590911865
"274",100,0.356321096420288,0.318866014480591,0.0112819671630859
"275",100,0.648766040802002,0.318870067596436,0.0110220909118652
"276",100,0.35451602935791,0.320333957672119,0.0108590126037598
"277",100,0.337645053863525,0.318819046020508,0.012923002243042
"278",100,0.338789939880371,0.323725938796997,0.0120270252227783
"279",100,0.323451995849609,0.159361839294434,0.0113890171051025
"280",100,0.32660698890686,0.289454221725464,0.0114889144897461
"281",100,0.342300891876221,0.325878143310547,0.0112299919128418
"282",100,0.323474884033203,0.336295127868652,0.0116000175476074
"283",100,0.32453989982605,0.320683002471924,0.010890007019043
"284",100,0.345613956451416,0.318795919418335,0.0109012126922607
"285",100,0.349493026733398,0.319711923599243,0.0110969543457031
"286",100,0.344603061676025,0.321813821792603,0.0105288028717041
"287",100,0.321938037872314,0.343490839004517,0.0109469890594482
"288",100,0.326325178146362,0.334666967391968,0.0114340782165527
"289",100,0.325907945632935,0.334142208099365,0.0110399723052979
"290",100,0.361604928970337,0.324734926223755,0.0113699436187744
"291",100,0.349024057388306,0.321579933166504,0.0108001232147217
"292",100,0.345579147338867,0.483699083328247,0.0113308429718018
"293",100,0.446262121200562,0.333952188491821,0.0112359523773193
"294",100,0.325055122375488,0.187910079956055,0.0111351013183594
"295",100,0.507763147354126,0.384891033172607,0.0107948780059814
"296",100,0.337028980255127,0.20327091217041,0.0112800598144531
"297",100,0.348324775695801,0.335849046707153,0.012624979019165
"298",100,0.344469785690308,0.345644950866699,0.0115721225738525
"299",100,0.350410938262939,0.355755090713501,0.0112218856811523
"300",100,0.360337972640991,0.330118894577026,0.011023998260498
"301",250,0.579591035842896,0.0903799533843994,0.0121948719024658
"302",250,0.656033039093018,0.0823309421539307,0.0146679878234863
"303",250,0.599627017974854,0.109241962432861,0.013850212097168
"304",250,0.965950012207031,0.109740018844604,0.014430046081543
"305",250,0.691349983215332,0.279390096664429,0.0114500522613525
"306",250,0.567986965179443,0.170642852783203,0.018855094909668
"307",250,0.554426193237305,0.0709648132324219,0.0112049579620361
"308",250,0.55168890953064,0.101497888565063,0.011793851852417
"309",250,0.549001932144165,0.100661039352417,0.0114479064941406
"310",250,0.558283090591431,0.089533805847168,0.0116610527038574
"311",250,0.536359786987305,0.117588996887207,0.0115439891815186
"312",250,0.553102970123291,0.0956850051879883,0.0120580196380615
"313",250,0.552025079727173,0.0661680698394775,0.0123238563537598
"314",250,0.634558916091919,0.135531902313232,0.0119519233703613
"315",250,0.550877094268799,0.103343963623047,0.0117671489715576
"316",250,0.567704200744629,0.11504602432251,0.0121321678161621
"317",250,0.57113790512085,0.106880187988281,0.0116279125213623
"318",250,0.559360980987549,0.0740511417388916,0.0111279487609863
"319",250,0.533072948455811,0.153326988220215,0.0121781826019287
"320",250,0.538977146148682,0.0863878726959229,0.012099027633667
"321",250,0.574517965316772,0.070620059967041,0.011383056640625
"322",250,0.542220830917358,0.0987949371337891,0.0123488903045654
"323",250,0.535624027252197,0.0818169116973877,0.0123050212860107
"324",250,0.715670108795166,0.114335060119629,0.0110931396484375
"325",250,1.06312584877014,0.121158123016357,0.0131299495697021
"326",250,0.834601879119873,0.127921104431152,0.011458158493042
"327",250,0.562159061431885,0.105681896209717,0.011948823928833
"328",250,0.558611154556274,0.104065895080566,0.0122201442718506
"329",250,0.545866012573242,0.109989881515503,0.0116889476776123
"330",250,0.52528190612793,0.0998349189758301,0.0131921768188477
"331",250,0.607712030410767,0.0990860462188721,0.0112128257751465
"332",250,0.596930027008057,0.0812618732452393,0.011742115020752
"333",250,0.567414045333862,0.117379188537598,0.0108180046081543
"334",250,0.56346607208252,0.11555004119873,0.0111229419708252
"335",250,0.570311069488525,0.126704931259155,0.0111911296844482
"336",250,0.582607984542847,0.218936920166016,0.0129148960113525
"337",250,0.567604064941406,0.0715498924255371,0.0119979381561279
"338",250,0.553760051727295,0.0876491069793701,0.0120370388031006
"339",250,0.694410085678101,0.132866144180298,0.0115730762481689
"340",250,0.547818899154663,0.121910095214844,0.0135049819946289
"341",250,0.56591796875,0.0985028743743896,0.0120830535888672
"342",250,0.706360101699829,0.106767177581787,0.0116138458251953
"343",250,0.549609899520874,0.101407051086426,0.0120799541473389
"344",250,0.731527090072632,0.123834848403931,0.0118060111999512
"345",250,0.559499979019165,0.0902118682861328,0.0113761425018311
"346",250,1.13099598884583,0.097243070602417,0.0121831893920898
"347",250,0.551389932632446,0.217958927154541,0.0118951797485352
"348",250,0.556881904602051,0.112466096878052,0.0116889476776123
"349",250,0.555211067199707,0.0849931240081787,0.0122349262237549
"350",250,0.54894495010376,0.107611894607544,0.0116031169891357
"351",250,0.576217889785767,0.101218938827515,0.0113739967346191
"352",250,0.549185037612915,0.0958700180053711,0.0116779804229736
"353",250,0.590816974639893,0.0790500640869141,0.0111639499664307
"354",250,0.546638965606689,0.118207931518555,0.0112700462341309
"355",250,0.549719095230103,0.107692956924438,0.0119569301605225
"356",250,0.586557149887085,0.0896511077880859,0.011350154876709
"357",250,0.551060914993286,0.118098974227905,0.0123059749603271
"358",250,0.546203136444092,0.232436895370483,0.0114011764526367
"359",250,0.725162029266357,0.0943219661712646,0.0119879245758057
"360",250,0.543230772018433,0.11408805847168,0.0114109516143799
"361",250,0.551490068435669,0.119660139083862,0.01102614402771
"362",250,0.548047065734863,0.138154029846191,0.0113980770111084
"363",250,0.557444095611572,0.194297075271606,0.0129380226135254
"364",250,1.16162300109863,0.120711088180542,0.012199878692627
"365",250,0.555477857589722,0.114514112472534,0.0140299797058105
"366",250,0.592497110366821,0.107628107070923,0.0113179683685303
"367",250,0.552228927612305,0.0619180202484131,0.0111649036407471
"368",250,0.56088399887085,0.186348915100098,0.0118238925933838
"369",250,0.55060601234436,0.0608229637145996,0.0114321708679199
"370",250,0.537734985351562,0.0716989040374756,0.0108962059020996
"371",250,0.581689119338989,0.0580399036407471,0.012923002243042
"372",250,0.65713095664978,0.138973951339722,0.0118279457092285
"373",250,0.526485919952393,0.128667116165161,0.011605978012085
"374",250,0.527945995330811,0.113233089447021,0.011491060256958
"375",250,0.660494089126587,0.228015184402466,0.0116899013519287
"376",250,0.855931043624878,0.0701441764831543,0.0114109516143799
"377",250,0.535844087600708,0.155190944671631,0.011491060256958
"378",250,0.531745910644531,0.102375030517578,0.0118069648742676
"379",250,0.572366952896118,0.109186172485352,0.0114901065826416
"380",250,1.02051401138306,0.0841131210327148,0.0108649730682373
"381",250,0.569916963577271,0.121392011642456,0.0117809772491455
"382",250,0.543758153915405,0.132256984710693,0.0114641189575195
"383",250,0.542598962783813,0.109659910202026,0.0116109848022461
"384",250,0.583243846893311,0.166451930999756,0.0112340450286865
"385",250,0.54666805267334,0.104433059692383,0.0116629600524902
"386",250,0.690791130065918,0.0979139804840088,0.0115699768066406
"387",250,0.549540996551514,0.0877339839935303,0.0119140148162842
"388",250,0.660830020904541,0.0708539485931396,0.011383056640625
"389",250,0.555362224578857,0.204349994659424,0.0139150619506836
"390",250,0.54678201675415,0.107315063476562,0.0118179321289062
"391",250,0.562260866165161,0.114454030990601,0.0109231472015381
"392",250,0.566268920898438,0.12665319442749,0.0121128559112549
"393",250,0.545517921447754,0.26996898651123,0.0130329132080078
"394",250,0.550484180450439,0.194699048995972,0.0119750499725342
"395",250,0.542521953582764,0.154640913009644,0.0119948387145996
"396",250,0.621939897537231,0.0776209831237793,0.0118980407714844
"397",250,0.55410099029541,0.0570528507232666,0.0115988254547119
"398",250,0.566457986831665,0.0852880477905273,0.0115599632263184
"399",250,0.550132036209106,0.111230850219727,0.0111241340637207
"400",250,0.538115978240967,0.100069046020508,0.0115289688110352
"401",500,0.868994951248169,0.112705945968628,0.0122709274291992
"402",500,0.872741937637329,0.114695072174072,0.0118680000305176
"403",500,0.888850927352905,0.165518999099731,0.0117311477661133
"404",500,0.862619876861572,0.144425868988037,0.0118210315704346
"405",500,0.854730129241943,0.123374938964844,0.0120580196380615
"406",500,1.44613599777222,0.125940084457397,0.0114831924438477
"407",500,0.890167951583862,0.103357791900635,0.0117239952087402
"408",500,1.05153822898865,0.123456001281738,0.011544942855835
"409",500,0.871888875961304,0.109672069549561,0.0115160942077637
"410",500,0.864217042922974,0.113399028778076,0.0122408866882324
"411",500,1.03237891197205,0.142407894134521,0.0131199359893799
"412",500,0.932451963424683,0.123850107192993,0.0128769874572754
"413",500,0.86670994758606,0.140208959579468,0.0118100643157959
"414",500,0.862711191177368,0.167383909225464,0.011523962020874
"415",500,0.871232986450195,0.120604038238525,0.0123929977416992
"416",500,1.01544213294983,0.117403030395508,0.0127241611480713
"417",500,0.865840911865234,0.116212129592896,0.0120818614959717
"418",500,0.848882913589478,0.0970950126647949,0.0117530822753906
"419",500,0.89292311668396,0.120567083358765,0.0122039318084717
"420",500,0.857209920883179,0.149801969528198,0.0121309757232666
"421",500,0.855810880661011,0.156915903091431,0.0117709636688232
"422",500,0.861591100692749,0.151222944259644,0.0125110149383545
"423",500,0.852052927017212,0.133274078369141,0.012347936630249
"424",500,0.895953178405762,0.123542070388794,0.0118980407714844
"425",500,0.860141038894653,0.102567911148071,0.0138170719146729
"426",500,1.00126099586487,0.112587213516235,0.0117800235748291
"427",500,0.873193979263306,0.151760816574097,0.0120730400085449
"428",500,0.870266914367676,0.182672023773193,0.0124399662017822
"429",500,0.86312198638916,0.175561904907227,0.0117640495300293
"430",500,0.864917993545532,0.104044914245605,0.0119900703430176
"431",500,0.849838018417358,0.117093801498413,0.0119130611419678
"432",500,0.874858856201172,0.103739976882935,0.0114982128143311
"433",500,0.934774875640869,0.132530927658081,0.0136451721191406
"434",500,1.04380297660828,0.121716976165771,0.0120680332183838
"435",500,0.841130018234253,0.114938974380493,0.0117499828338623
"436",500,0.965894937515259,0.129763126373291,0.0117459297180176
"437",500,1.05770707130432,0.140555858612061,0.0119590759277344
"438",500,0.888784170150757,0.121887922286987,0.01320481300354
"439",500,0.880766153335571,0.160087108612061,0.0113630294799805
"440",500,0.952499866485596,0.119760990142822,0.0116560459136963
"441",500,0.890722036361694,0.09928297996521,0.0119969844818115
"442",500,0.854816913604736,0.11658501625061,0.0123860836029053
"443",500,0.920576810836792,0.201709985733032,0.0156731605529785
"444",500,1.13089609146118,0.11254096031189,0.0116801261901855
"445",500,0.873096227645874,0.146368026733398,0.0112698078155518
"446",500,0.868896961212158,0.184144020080566,0.0118820667266846
"447",500,0.859827995300293,0.118591070175171,0.0121099948883057
"448",500,0.858513116836548,0.153414011001587,0.0130879878997803
"449",500,0.89805006980896,0.136965036392212,0.0116629600524902
"450",500,0.875478029251099,0.149243116378784,0.0118489265441895
"451",500,0.872066974639893,0.113506078720093,0.0121529102325439
"452",500,0.875992059707642,0.110445976257324,0.0116040706634521
"453",500,1.04345607757568,0.194236993789673,0.0123779773712158
"454",500,1.02849507331848,0.16341495513916,0.0119779109954834
"455",500,0.870752811431885,0.105865001678467,0.0117988586425781
"456",500,0.883779048919678,0.0956518650054932,0.0119850635528564
"457",500,1.01197600364685,0.125725030899048,0.0111989974975586
"458",500,0.887455940246582,0.125800848007202,0.0124790668487549
"459",500,0.896456003189087,0.136516809463501,0.0128369331359863
"460",500,0.877815961837769,0.157174825668335,0.0116488933563232
"461",500,1.08194398880005,0.117535829544067,0.0116109848022461
"462",500,1.01342177391052,0.127454042434692,0.0126259326934814
"463",500,0.881511926651001,0.148209810256958,0.0123100280761719
"464",500,0.861366987228394,0.101718902587891,0.0121710300445557
"465",500,0.871020078659058,0.117243766784668,0.0118939876556396
"466",500,0.868818998336792,0.134162902832031,0.0115828514099121
"467",500,0.86035418510437,0.113232851028442,0.0119729042053223
"468",500,0.900031089782715,0.156621932983398,0.0121438503265381
"469",500,0.903719902038574,0.130001068115234,0.0118820667266846
"470",500,0.898994922637939,0.154392004013062,0.0117111206054688
"471",500,0.868901014328003,0.312403917312622,0.0118811130523682
"472",500,0.882834911346436,0.119694948196411,0.0123131275177002
"473",500,0.869110822677612,0.153059005737305,0.0133571624755859
"474",500,0.867341995239258,0.112329959869385,0.0116491317749023
"475",500,0.890269041061401,0.109692096710205,0.0121362209320068
"476",500,0.862109899520874,0.124547958374023,0.011754035949707
"477",500,0.87824010848999,0.131391048431396,0.0113749504089355
"478",500,0.860121965408325,0.112190008163452,0.0118660926818848
"479",500,0.866897106170654,0.114330053329468,0.0130269527435303
"480",500,1.04340505599976,0.142317056655884,0.0126090049743652
"481",500,0.894351959228516,0.111459970474243,0.0229549407958984
"482",500,0.8697829246521,0.141561031341553,0.0139889717102051
"483",500,0.871747970581055,0.111192941665649,0.0127799510955811
"484",500,0.914558887481689,0.101651906967163,0.0127761363983154
"485",500,0.89603590965271,0.109708070755005,0.0120620727539062
"486",500,0.866239070892334,0.122564077377319,0.0128941535949707
"487",500,0.913885116577148,0.179166793823242,0.0121581554412842
"488",500,1.02671098709106,0.169270992279053,0.0119450092315674
"489",500,0.882493019104004,0.113647937774658,0.0121090412139893
"490",500,0.871870040893555,0.110885858535767,0.0115809440612793
"491",500,0.887967824935913,0.112799167633057,0.0126330852508545
"492",500,0.859118938446045,0.122733116149902,0.0121030807495117
"493",500,0.858227968215942,0.168313026428223,0.0112578868865967
"494",500,0.88175106048584,0.0967929363250732,0.0140161514282227
"495",500,0.881633996963501,0.111271858215332,0.0123610496520996
"496",500,0.877003192901611,0.124184846878052,0.0116040706634521
"497",500,0.890702962875366,0.204308986663818,0.0130679607391357
"498",500,1.01246809959412,0.151257991790771,0.0123980045318604
"499",500,0.877074956893921,0.135225057601929,0.0235190391540527
"500",500,0.888757944107056,0.113895893096924,0.0119311809539795
"501",1000,1.5129120349884,0.196737051010132,0.0209970474243164
"502",1000,1.45508003234863,0.233100891113281,0.0155959129333496
"503",1000,1.58435487747192,0.203335046768188,0.014275074005127
"504",1000,2.60822510719299,0.262391805648804,0.0139858722686768
"505",1000,1.46210098266602,0.190534114837646,0.0125889778137207
"506",1000,1.47591996192932,0.259914875030518,0.0137100219726562
"507",1000,1.65176391601562,0.209415912628174,0.0127890110015869
"508",1000,1.45727705955505,0.244698047637939,0.0133500099182129
"509",1000,1.47581100463867,0.205718994140625,0.0129320621490479
"510",1000,1.51580405235291,0.336361169815063,0.0134601593017578
"511",1000,1.520259141922,0.209156036376953,0.0124049186706543
"512",1000,1.53728699684143,0.229482889175415,0.0135669708251953
"513",1000,1.3561098575592,0.189335107803345,0.0129489898681641
"514",1000,1.41532182693481,0.191452026367188,0.013592004776001
"515",1000,1.40049695968628,0.221918106079102,0.0130441188812256
"516",1000,1.50104999542236,0.254215002059937,0.0133430957794189
"517",1000,1.9501268863678,0.209895849227905,0.0129940509796143
"518",1000,1.40103697776794,0.232613086700439,0.0129568576812744
"519",1000,1.46179986000061,0.251612901687622,0.013016939163208
"520",1000,1.40124917030334,0.229791164398193,0.013430118560791
"521",1000,1.46120500564575,0.220326900482178,0.0131340026855469
"522",1000,1.59695887565613,0.236355066299438,0.0144541263580322
"523",1000,1.3986439704895,0.229398012161255,0.0150759220123291
"524",1000,1.37932109832764,0.206270933151245,0.013416051864624
"525",1000,1.50419092178345,0.230915069580078,0.0135619640350342
"526",1000,1.87212610244751,0.181843042373657,0.0131299495697021
"527",1000,1.77193880081177,0.313830852508545,0.0145318508148193
"528",1000,1.49818801879883,0.255574941635132,0.0137910842895508
"529",1000,1.52706408500671,0.22996187210083,0.0142438411712646
"530",1000,1.50642108917236,0.291733980178833,0.016077995300293
"531",1000,1.52162599563599,0.244534969329834,0.0158200263977051
"532",1000,1.48307108879089,0.192116975784302,0.0124969482421875
"533",1000,1.47172689437866,0.189940929412842,0.0136868953704834
"534",1000,1.35813593864441,0.209627866744995,0.0210959911346436
"535",1000,1.457111120224,0.201869010925293,0.0137920379638672
"536",1000,1.64087700843811,0.245229005813599,0.0138311386108398
"537",1000,1.46823787689209,0.219121932983398,0.0132911205291748
"538",1000,1.3591890335083,0.183038949966431,0.0127770900726318
"539",1000,1.54509496688843,0.176474809646606,0.0218980312347412
"540",1000,1.47246313095093,0.189378976821899,0.0127019882202148
"541",1000,1.61785411834717,0.221848011016846,0.0127809047698975
"542",1000,1.3733651638031,0.202822208404541,0.0125799179077148
"543",1000,1.44354200363159,0.181725978851318,0.0227940082550049
"544",1000,1.38957786560059,0.188784837722778,0.0132498741149902
"545",1000,1.45394492149353,0.20359992980957,0.0130760669708252
"546",1000,1.53045082092285,0.192344903945923,0.0137300491333008
"547",1000,1.38399696350098,0.212810039520264,0.0134041309356689
"548",1000,1.43053197860718,0.206676006317139,0.0129210948944092
"549",1000,1.38140320777893,0.219866991043091,0.0140089988708496
"550",1000,1.39733409881592,0.197664976119995,0.0134999752044678
"551",1000,1.52346110343933,0.21337103843689,0.0131971836090088
"552",1000,1.35547995567322,0.182991027832031,0.0130760669708252
"553",1000,1.36009407043457,0.203851938247681,0.0129292011260986
"554",1000,1.51152610778809,0.25166916847229,0.0135049819946289
"555",1000,1.70907115936279,0.196094036102295,0.0124940872192383
"556",1000,1.48744201660156,0.214138031005859,0.0131921768188477
"557",1000,1.42964291572571,0.206196069717407,0.0132839679718018
"558",1000,1.42853999137878,0.216675996780396,0.012476921081543
"559",1000,1.39061617851257,0.22078800201416,0.0124988555908203
"560",1000,1.42815685272217,0.224748849868774,0.0130100250244141
"561",1000,1.52274107933044,0.24708890914917,0.0128378868103027
"562",1000,1.43139696121216,0.200195074081421,0.0132238864898682
"563",1000,1.40497589111328,0.211385011672974,0.0132811069488525
"564",1000,1.44293999671936,0.183101892471313,0.0123980045318604
"565",1000,1.59336805343628,0.20226001739502,0.0134410858154297
"566",1000,1.36268496513367,0.259599924087524,0.0138149261474609
"567",1000,1.4458692073822,0.202544927597046,0.013563871383667
"568",1000,1.44485902786255,0.206461906433105,0.0126700401306152
"569",1000,1.57687878608704,0.232036828994751,0.0145020484924316
"570",1000,1.6865918636322,0.258663177490234,0.0126149654388428
"571",1000,1.69494414329529,0.234066009521484,0.013808012008667
"572",1000,1.44132304191589,0.20723295211792,0.0139050483703613
"573",1000,1.43576979637146,0.202225923538208,0.0133590698242188
"574",1000,1.45272397994995,0.228919982910156,0.0159258842468262
"575",1000,1.65134406089783,0.323022842407227,0.0154950618743896
"576",1000,1.57939791679382,0.22008490562439,0.0139751434326172
"577",1000,1.45148801803589,0.229416131973267,0.0139119625091553
"578",1000,1.50224113464355,0.203758001327515,0.012843132019043
"579",1000,1.65297889709473,0.262407064437866,0.0175518989562988
"580",1000,1.60836601257324,0.212125062942505,0.0131142139434814
"581",1000,1.42901492118835,0.208532094955444,0.0142838954925537
"582",1000,1.42745399475098,0.22251296043396,0.013145923614502
"583",1000,1.47327399253845,0.251998901367188,0.0164599418640137
"584",1000,1.95717191696167,0.20343804359436,0.0214190483093262
"585",1000,1.46962094306946,0.200237035751343,0.0123529434204102
"586",1000,1.5078558921814,0.217866897583008,0.0128190517425537
"587",1000,1.47838091850281,0.254496812820435,0.0121779441833496
"588",1000,1.46230888366699,0.209467887878418,0.0131111145019531
"589",1000,1.76240611076355,0.189573049545288,0.0136611461639404
"590",1000,1.46437215805054,0.218238830566406,0.0144059658050537
"591",1000,1.47659611701965,0.187555074691772,0.0127270221710205
"592",1000,1.47465205192566,0.208631038665771,0.01344895362854
"593",1000,1.63280606269836,0.233787059783936,0.0130939483642578
"594",1000,1.57347106933594,0.217890024185181,0.013002872467041
"595",1000,1.47403407096863,0.237997055053711,0.0130009651184082
"596",1000,1.45510101318359,0.218462228775024,0.0144550800323486
"597",1000,1.48060703277588,0.365803003311157,0.0127990245819092
"598",1000,1.54460597038269,0.239551067352295,0.0125789642333984
"599",1000,1.46679401397705,0.204609870910645,0.0131120681762695
"600",1000,1.45908498764038,0.238215923309326,0.0134618282318115
"601",2500,3.58764815330505,0.529477834701538,0.015739917755127
"602",2500,3.40803098678589,0.518978118896484,0.0161709785461426
"603",2500,3.54714393615723,0.510016918182373,0.0160820484161377
"604",2500,3.47181296348572,0.494736194610596,0.0161089897155762
"605",2500,3.52282094955444,0.503305912017822,0.015484094619751
"606",2500,3.56295108795166,0.550601959228516,0.0158190727233887
"607",2500,3.63770198822021,0.513280868530273,0.0158150196075439
"608",2500,3.63644003868103,0.554857015609741,0.0172340869903564
"609",2500,3.84519410133362,0.55230188369751,0.0239288806915283
"610",2500,3.44126486778259,0.467566967010498,0.0160591602325439
"611",2500,3.53035998344421,0.528045892715454,0.0160870552062988
"612",2500,3.36957883834839,0.554075002670288,0.0149838924407959
"613",2500,3.56547403335571,0.513633012771606,0.0308949947357178
"614",2500,3.35052418708801,0.561426877975464,0.0157260894775391
"615",2500,3.54613614082336,0.47174596786499,0.0160331726074219
"616",2500,3.45670700073242,0.474097967147827,0.0158488750457764
"617",2500,3.58556199073792,0.538182973861694,0.0161960124969482
"618",2500,3.52502179145813,0.477634906768799,0.0162971019744873
"619",2500,3.5682270526886,0.494418144226074,0.02571702003479
"620",2500,3.38060092926025,0.445381879806519,0.0158381462097168
"621",2500,3.55584812164307,0.528829097747803,0.0154719352722168
"622",2500,3.39566922187805,0.573943138122559,0.0157899856567383
"623",2500,3.5637309551239,0.586834907531738,0.017509937286377
"624",2500,3.34263300895691,0.487735033035278,0.0158159732818604
"625",2500,3.33919906616211,0.48533296585083,0.0145900249481201
"626",2500,3.2582859992981,0.486357927322388,0.024116039276123
"627",2500,3.26164507865906,0.496495008468628,0.0146889686584473
"628",2500,3.17191195487976,0.563863039016724,0.0165469646453857
"629",2500,3.33373808860779,0.537256956100464,0.015949010848999
"630",2500,3.35168790817261,0.5848228931427,0.0153768062591553
"631",2500,3.25912404060364,0.50316309928894,0.01603102684021
"632",2500,3.18977808952332,0.718513965606689,0.0152549743652344
"633",2500,3.23653817176819,0.475750923156738,0.0160491466522217
"634",2500,3.29978799819946,0.492414951324463,0.0153739452362061
"635",2500,3.18644118309021,0.484803915023804,0.0155239105224609
"636",2500,3.38308906555176,0.516668081283569,0.0153968334197998
"637",2500,3.14868807792664,0.50940203666687,0.016467809677124
"638",2500,3.60192584991455,0.565696001052856,0.0156397819519043
"639",2500,3.41289901733398,0.493616104125977,0.0159709453582764
"640",2500,3.57388019561768,0.502996921539307,0.0156219005584717
"641",2500,3.58769989013672,0.454607963562012,0.0242650508880615
"642",2500,3.50950479507446,0.578294992446899,0.0180001258850098
"643",2500,3.45263385772705,0.551964044570923,0.0240139961242676
"644",2500,3.57207608222961,0.53386402130127,0.0160250663757324
"645",2500,3.55622887611389,0.500430107116699,0.0167160034179688
"646",2500,3.50923299789429,0.480777978897095,0.0155079364776611
"647",2500,3.30498003959656,0.546144962310791,0.0161299705505371
"648",2500,3.4770131111145,0.511175870895386,0.0157899856567383
"649",2500,3.56270003318787,0.529765844345093,0.0154428482055664
"650",2500,3.4056499004364,0.524426937103271,0.0154480934143066
"651",2500,3.72694611549377,0.577348947525024,0.0157349109649658
"652",2500,3.42812395095825,0.524660110473633,0.0157780647277832
"653",2500,3.52963495254517,0.464042186737061,0.0157167911529541
"654",2500,4.09999799728394,0.529165983200073,0.015861988067627
"655",2500,3.51558303833008,0.611577987670898,0.0159420967102051
"656",2500,3.3955180644989,0.504834890365601,0.0155131816864014
"657",2500,3.47250580787659,0.499058961868286,0.0171239376068115
"658",2500,3.4587938785553,0.483757972717285,0.01515793800354
"659",2500,3.55159616470337,0.526180028915405,0.0153579711914062
"660",2500,3.73094701766968,0.709718942642212,0.0165441036224365
"661",2500,3.34952187538147,0.500642061233521,0.0165610313415527
"662",2500,3.48822712898254,0.643747806549072,0.0169529914855957
"663",2500,3.49202799797058,0.54541802406311,0.0160608291625977
"664",2500,4.32792901992798,0.548083066940308,0.0156559944152832
"665",2500,3.45947408676147,0.520557880401611,0.0151588916778564
"666",2500,3.61640405654907,0.48863697052002,0.0155000686645508
"667",2500,3.4454460144043,0.518867969512939,0.0152139663696289
"668",2500,3.60324382781982,0.491056203842163,0.0143930912017822
"669",2500,3.23037195205688,0.555438995361328,0.0166120529174805
"670",2500,3.51666784286499,0.49545693397522,0.0160501003265381
"671",2500,3.39038896560669,0.498199939727783,0.0151031017303467
"672",2500,3.61155891418457,0.522563934326172,0.0165588855743408
"673",2500,3.44290804862976,0.496181964874268,0.0161230564117432
"674",2500,3.72532606124878,0.553845882415771,0.016477108001709
"675",2500,3.41131114959717,0.492780923843384,0.0165920257568359
"676",2500,3.53826999664307,0.475261926651001,0.0148138999938965
"677",2500,3.48377084732056,0.514514923095703,0.016880989074707
"678",2500,3.54353308677673,0.572182893753052,0.0159950256347656
"679",2500,3.43912696838379,0.509589910507202,0.0151751041412354
"680",2500,3.50957202911377,0.516341209411621,0.0158178806304932
"681",2500,3.41129493713379,0.618859052658081,0.0167841911315918
"682",2500,3.74194717407227,0.576440095901489,0.0161211490631104
"683",2500,3.54702997207642,0.533087968826294,0.0166399478912354
"684",2500,3.62815117835999,0.573009967803955,0.0168230533599854
"685",2500,3.70475506782532,0.521107912063599,0.0167391300201416
"686",2500,3.46606206893921,0.486998081207275,0.0150699615478516
"687",2500,3.45736789703369,0.52320408821106,0.0157809257507324
"688",2500,3.25993609428406,0.516490936279297,0.0161080360412598
"689",2500,3.45007801055908,0.538182020187378,0.0156848430633545
"690",2500,3.21882009506226,0.521794080734253,0.0154261589050293
"691",2500,3.83684492111206,0.534512042999268,0.0174100399017334
"692",2500,3.42571496963501,0.553035974502563,0.0167639255523682
"693",2500,3.52526187896729,0.548308134078979,0.0165507793426514
"694",2500,3.32171082496643,0.519833087921143,0.0161099433898926
"695",2500,3.6555380821228,0.587979793548584,0.0241339206695557
"696",2500,3.47394204139709,0.519311189651489,0.0173969268798828
"697",2500,3.80456590652466,0.537054061889648,0.0158629417419434
"698",2500,3.97260189056396,0.524327993392944,0.0152409076690674
"699",2500,3.54346108436584,0.543014049530029,0.0161070823669434
"700",2500,3.38853812217712,0.516697883605957,0.0167560577392578
"701",5000,6.87162899971008,1.14882779121399,0.0209619998931885
"702",5000,6.91293096542358,1.41726994514465,0.0217409133911133
"703",5000,7.05756115913391,0.951026201248169,0.0210330486297607
"704",5000,6.80899405479431,1.02337789535522,0.0291018486022949
"705",5000,6.83601093292236,0.987444877624512,0.0200932025909424
"706",5000,6.72110104560852,1.16872787475586,0.0203819274902344
"707",5000,6.23104906082153,0.988687992095947,0.0212230682373047
"708",5000,6.36559414863586,1.0139319896698,0.0282859802246094
"709",5000,6.2741801738739,1.05150389671326,0.0293219089508057
"710",5000,6.13120889663696,1.04580497741699,0.0283248424530029
"711",5000,6.49600601196289,1.00474810600281,0.0210919380187988
"712",5000,6.62115502357483,1.04798412322998,0.0284979343414307
"713",5000,6.76587986946106,1.16192102432251,0.0208311080932617
"714",5000,6.58097791671753,1.02962517738342,0.0214400291442871
"715",5000,6.80588817596436,0.896787881851196,0.0284180641174316
"716",5000,6.6082181930542,1.03981113433838,0.0209779739379883
"717",5000,6.52194309234619,1.19146013259888,0.0208911895751953
"718",5000,6.99439096450806,0.995282173156738,0.0221941471099854
"719",5000,6.4184718132019,1.07434391975403,0.021773099899292
"720",5000,6.4834508895874,1.05370306968689,0.0210850238800049
"721",5000,6.41468596458435,1.07943892478943,0.0206539630889893
"722",5000,6.45357608795166,1.09852814674377,0.0211138725280762
"723",5000,6.63699197769165,1.07993316650391,0.020672082901001
"724",5000,6.58194088935852,1.0166871547699,0.0207688808441162
"725",5000,6.69546103477478,1.02527594566345,0.021500825881958
"726",5000,6.52038097381592,0.983720064163208,0.020665168762207
"727",5000,6.58322405815125,1.07334804534912,0.0292150974273682
"728",5000,7.17146015167236,1.02623796463013,0.0241429805755615
"729",5000,6.58407807350159,0.952458143234253,0.021075963973999
"730",5000,6.52483892440796,1.06506109237671,0.0202009677886963
"731",5000,6.48361015319824,0.993825912475586,0.0211489200592041
"732",5000,6.37243700027466,1.06527519226074,0.0206530094146729
"733",5000,6.32358598709106,1.01514601707458,0.0200960636138916
"734",5000,6.50309085845947,1.23307681083679,0.021198034286499
"735",5000,6.7407500743866,1.00586104393005,0.0274901390075684
"736",5000,6.52392601966858,1.00895309448242,0.0198910236358643
"737",5000,6.67500400543213,1.13266897201538,0.0284619331359863
"738",5000,6.60814189910889,1.00341105461121,0.020111083984375
"739",5000,6.65030908584595,0.98177695274353,0.0201630592346191
"740",5000,7.16232299804688,1.1503701210022,0.0220930576324463
"741",5000,6.43304896354675,0.979555130004883,0.021061897277832
"742",5000,6.58766484260559,1.02066206932068,0.0206480026245117
"743",5000,6.37924194335938,0.99063515663147,0.0280561447143555
"744",5000,6.6261727809906,1.25238013267517,0.0274679660797119
"745",5000,6.59897899627686,1.02590918540955,0.0283429622650146
"746",5000,6.68889808654785,0.996801137924194,0.0200259685516357
"747",5000,6.68160080909729,1.02931499481201,0.02085280418396
"748",5000,6.76722884178162,1.03897190093994,0.0216119289398193
"749",5000,6.5617561340332,1.06408882141113,0.0207169055938721
"750",5000,6.45434999465942,1.05028414726257,0.0198159217834473
"751",5000,6.58507895469666,1.06544494628906,0.0282161235809326
"752",5000,6.51043295860291,1.07175493240356,0.0292601585388184
"753",5000,6.46620416641235,1.19952201843262,0.0219521522521973
"754",5000,6.57006096839905,1.12608599662781,0.0200619697570801
"755",5000,6.59031701087952,1.02586388587952,0.0209290981292725
"756",5000,6.49188780784607,0.93141508102417,0.0207850933074951
"757",5000,6.52558302879333,1.17006587982178,0.0286269187927246
"758",5000,6.62742304801941,0.953688144683838,0.0215141773223877
"759",5000,6.68958806991577,1.16632986068726,0.0209910869598389
"760",5000,6.45684194564819,1.01711702346802,0.0208609104156494
"761",5000,6.62915897369385,1.12945508956909,0.0278100967407227
"762",5000,6.31021308898926,0.902806997299194,0.0207610130310059
"763",5000,6.06425404548645,1.00066709518433,0.0203709602355957
"764",5000,6.03265905380249,0.966710090637207,0.0201869010925293
"765",5000,6.07915711402893,1.15971803665161,0.0210599899291992
"766",5000,6.41788601875305,1.13489699363708,0.020920991897583
"767",5000,6.41601705551147,1.26720499992371,0.0207068920135498
"768",5000,6.65127992630005,1.18687891960144,0.0214951038360596
"769",5000,6.58792495727539,1.06361508369446,0.0213081836700439
"770",5000,6.61661100387573,1.040766954422,0.0285179615020752
"771",5000,6.53905510902405,1.04211497306824,0.0204060077667236
"772",5000,6.55547499656677,1.08603405952454,0.0205459594726562
"773",5000,7.18991589546204,1.11331605911255,0.0295710563659668
"774",5000,6.44758009910583,1.08480906486511,0.0196330547332764
"775",5000,6.81400990486145,1.23397183418274,0.0206530094146729
"776",5000,6.80418705940247,1.06348013877869,0.0199089050292969
"777",5000,6.68898010253906,1.14147400856018,0.0200998783111572
"778",5000,6.66642093658447,1.09441804885864,0.0193221569061279
"779",5000,6.53548002243042,1.00018095970154,0.020470142364502
"780",5000,6.53935217857361,1.04066014289856,0.0215668678283691
"781",5000,6.53631591796875,1.06421804428101,0.0212609767913818
"782",5000,6.39313387870789,0.971435070037842,0.0207500457763672
"783",5000,6.50566101074219,1.13015007972717,0.0214419364929199
"784",5000,6.51021695137024,1.03642296791077,0.0209238529205322
"785",5000,6.48625087738037,1.25814390182495,0.020488977432251
"786",5000,6.47494387626648,1.04942679405212,0.0201849937438965
"787",5000,6.43784594535828,1.00635695457458,0.0201680660247803
"788",5000,6.62825393676758,1.1816828250885,0.0199458599090576
"789",5000,6.58666896820068,1.05711722373962,0.0204739570617676
"790",5000,7.01372504234314,1.26747107505798,0.0215728282928467
"791",5000,6.57573699951172,1.26698708534241,0.021658182144165
"792",5000,6.64207601547241,0.973906993865967,0.0226337909698486
"793",5000,6.57351398468018,1.0735080242157,0.0204501152038574
"794",5000,6.54975485801697,0.996875047683716,0.0202939510345459
"795",5000,6.41362500190735,1.06450319290161,0.0200929641723633
"796",5000,6.40140080451965,0.920782804489136,0.0213251113891602
"797",5000,6.39223504066467,1.04949307441711,0.0312268733978271
"798",5000,6.62319993972778,1.19849705696106,0.0203111171722412
"799",5000,6.46437382698059,1.04329609870911,0.0209739208221436
"800",5000,6.64135694503784,1.04643511772156,0.0203220844268799
"801",10000,14.4010620117188,2.26259303092957,0.0387170314788818
"802",10000,14.4284460544586,2.42337512969971,0.0307548046112061
"803",10000,14.8279168605804,2.22423815727234,0.0322110652923584
"804",10000,14.3625209331512,2.91624689102173,0.0382199287414551
"805",10000,14.8176779747009,2.27465415000916,0.0384290218353271
"806",10000,14.3736770153046,2.21394395828247,0.0306680202484131
"807",10000,14.5495979785919,2.26227498054504,0.0304009914398193
"808",10000,14.6923351287842,2.2790219783783,0.0316989421844482
"809",10000,14.5699179172516,2.25429511070251,0.0296339988708496
"810",10000,14.690927028656,2.29869103431702,0.0381100177764893
"811",10000,14.5268330574036,2.33095192909241,0.0342569351196289
"812",10000,14.4089181423187,2.29735398292542,0.030735969543457
"813",10000,14.5768959522247,2.46491384506226,0.0418038368225098
"814",10000,14.4677259922028,2.45286798477173,0.0305180549621582
"815",10000,14.5303671360016,2.21548700332642,0.0401008129119873
"816",10000,14.6224870681763,2.45665693283081,0.0313498973846436
"817",10000,15.332622051239,2.22459292411804,0.033174991607666
"818",10000,14.9144361019135,2.22580599784851,0.0313370227813721
"819",10000,14.6466059684753,2.45443081855774,0.0333468914031982
"820",10000,14.4890360832214,2.56598019599915,0.0321230888366699
"821",10000,14.6377470493317,2.58659410476685,0.0312750339508057
"822",10000,14.5046079158783,2.75747394561768,0.0332210063934326
"823",10000,14.4792540073395,2.48521089553833,0.0315132141113281
"824",10000,14.8952140808105,2.42607688903809,0.0333988666534424
"825",10000,14.6429100036621,2.35310816764832,0.0332999229431152
"826",10000,14.8008899688721,2.38618516921997,0.033581018447876
"827",10000,14.76145195961,2.3969829082489,0.0334680080413818
"828",10000,14.508453130722,2.17626309394836,0.0385138988494873
"829",10000,15.1516089439392,2.64115405082703,0.0403909683227539
"830",10000,14.9163720607758,2.37185978889465,0.032973051071167
"831",10000,15.0728299617767,2.4816951751709,0.0320749282836914
"832",10000,15.1981449127197,2.23702788352966,0.0312590599060059
"833",10000,16.4159469604492,2.24148297309875,0.0390360355377197
"834",10000,15.696142911911,2.46253609657288,0.0302739143371582
"835",10000,15.4424240589142,2.32658386230469,0.0344169139862061
"836",10000,15.3391211032867,2.56747698783875,0.0416569709777832
"837",10000,15.4002540111542,2.60431694984436,0.0418360233306885
"838",10000,15.5286390781403,2.53166484832764,0.0359539985656738
"839",10000,15.8192939758301,3.14491081237793,0.0338129997253418
"840",10000,15.9781239032745,3.01477193832397,0.0322279930114746
"841",10000,15.6991620063782,2.63393902778625,0.0404980182647705
"842",10000,15.2657618522644,2.41910886764526,0.0321500301361084
"843",10000,15.0625081062317,2.47010922431946,0.0391130447387695
"844",10000,15.5329649448395,2.54247999191284,0.034553050994873
"845",10000,15.1852979660034,2.44095897674561,0.0414769649505615
"846",10000,15.6004650592804,2.35784506797791,0.0326972007751465
"847",10000,16.1189329624176,2.21403098106384,0.0394020080566406
"848",10000,15.2050039768219,2.322420835495,0.0324039459228516
"849",10000,15.3207540512085,2.3812460899353,0.0317950248718262
"850",10000,15.6448798179626,2.26946783065796,0.0335638523101807
"851",10000,15.1113369464874,2.68080997467041,0.030933141708374
"852",10000,15.2799170017242,2.32264304161072,0.0413620471954346
"853",10000,15.7157671451569,2.66391396522522,0.0311031341552734
"854",10000,15.3600490093231,2.43935394287109,0.0346419811248779
"855",10000,15.407928943634,2.27185583114624,0.0322389602661133
"856",10000,15.3689839839935,2.03116297721863,0.0309739112854004
"857",10000,15.4472889900208,2.36206007003784,0.0335540771484375
"858",10000,15.8948888778687,2.68538498878479,0.0317790508270264
"859",10000,14.9848589897156,2.32711791992188,0.0393600463867188
"860",10000,15.0064089298248,2.76325392723083,0.0316119194030762
"861",10000,15.0120649337769,2.28774189949036,0.0312559604644775
"862",10000,15.0384411811829,2.23856115341187,0.0406777858734131
"863",10000,15.2520718574524,2.49955797195435,0.0399198532104492
"864",10000,15.1354970932007,2.32512998580933,0.0341751575469971
"865",10000,15.3738939762115,2.46561908721924,0.032850980758667
"866",10000,15.6979198455811,2.59129595756531,0.0437710285186768
"867",10000,15.7651498317719,2.59707498550415,0.0427958965301514
"868",10000,16.1352701187134,2.52366399765015,0.0322620868682861
"869",10000,15.1534600257874,2.1755039691925,0.0439109802246094
"870",10000,14.9906871318817,2.39990901947021,0.0337631702423096
"871",10000,15.0213329792023,2.93387317657471,0.0404579639434814
"872",10000,15.1262001991272,2.2076268196106,0.0345849990844727
"873",10000,15.6206161975861,2.40293192863464,0.0320351123809814
"874",10000,15.2762129306793,2.43807005882263,0.0406010150909424
"875",10000,15.2132170200348,2.72412514686584,0.0318889617919922
"876",10000,15.118488073349,2.20473480224609,0.0306739807128906
"877",10000,14.9720389842987,2.53806591033936,0.0320060253143311
"878",10000,15.0226080417633,2.3877420425415,0.0344898700714111
"879",10000,15.6514627933502,2.48479509353638,0.0329980850219727
"880",10000,15.288724899292,2.27768206596375,0.0345418453216553
"881",10000,15.1430511474609,2.39127206802368,0.0434789657592773
"882",10000,15.7480010986328,2.59867691993713,0.0345339775085449
"883",10000,14.2587659358978,2.38431096076965,0.0305938720703125
"884",10000,13.9483730792999,2.28438091278076,0.0392420291900635
"885",10000,13.9642369747162,2.31899309158325,0.0301580429077148
"886",10000,14.5625698566437,2.56369686126709,0.0312891006469727
"887",10000,14.2189757823944,2.39304804801941,0.0343060493469238
"888",10000,14.7877240180969,2.19018888473511,0.0392770767211914
"889",10000,14.7431728839874,2.05689692497253,0.0386970043182373
"890",10000,14.1923429965973,2.58287000656128,0.0455489158630371
"891",10000,14.3764278888702,2.20576405525208,0.0328269004821777
"892",10000,14.2510850429535,2.1936240196228,0.0338311195373535
"893",10000,14.4863049983978,2.30503511428833,0.0336141586303711
"894",10000,14.2692229747772,2.47875785827637,0.0345132350921631
"895",10000,14.3603100776672,2.11572098731995,0.0318260192871094
"896",10000,13.8670852184296,2.13956499099731,0.040024995803833
"897",10000,13.4762108325958,2.22956490516663,0.0310401916503906
"898",10000,13.9532749652863,2.15929508209229,0.0386419296264648
"899",10000,13.6599178314209,2.18285202980042,0.0326991081237793
"900",10000,13.7444660663605,2.35967183113098,0.0293128490447998
"901",25000,36.6712498664856,5.88621115684509,0.0680129528045654
"902",25000,38.8127210140228,7.07091403007507,0.0694959163665771
"903",25000,38.2212069034576,6.8259539604187,0.0779988765716553
"904",25000,38.5018351078033,6.85390114784241,0.0717251300811768
"905",25000,37.9268670082092,6.40193200111389,0.0683619976043701
"906",25000,35.2836771011353,5.83060789108276,0.0605299472808838
"907",25000,34.8768470287323,6.80673789978027,0.068781852722168
"908",25000,36.2872269153595,5.66810917854309,0.0713050365447998
"909",25000,36.9437730312347,6.85916614532471,0.0745589733123779
"910",25000,37.1477560997009,6.916335105896,0.069965124130249
"911",25000,35.3116149902344,6.30453681945801,0.0692570209503174
"912",25000,35.7260909080505,6.90474796295166,0.0690407752990723
"913",25000,39.225105047226,6.28602910041809,0.0687258243560791
"914",25000,37.6947109699249,5.99649310112,0.0707259178161621
"915",25000,37.5284738540649,7.06710314750671,0.0855700969696045
"916",25000,38.5556881427765,6.78639793395996,0.0711021423339844
"917",25000,37.8604290485382,7.19176006317139,0.0739479064941406
"918",25000,37.6515519618988,6.54520392417908,0.0681619644165039
"919",25000,36.1726980209351,6.32809591293335,0.0615370273590088
"920",25000,36.7065849304199,6.31911420822144,0.0714461803436279
"921",25000,36.5538241863251,6.25076484680176,0.0693972110748291
"922",25000,36.5172700881958,6.84573698043823,0.0601279735565186
"923",25000,35.742840051651,5.82490086555481,0.0676920413970947
"924",25000,36.2774529457092,6.26231908798218,0.0615191459655762
"925",25000,36.8475821018219,6.36018204689026,0.0670108795166016
"926",25000,37.8739218711853,6.94230985641479,0.0671811103820801
"927",25000,37.102569103241,6.16209697723389,0.0601339340209961
"928",25000,37.9963350296021,6.13962483406067,0.0599160194396973
"929",25000,41.5314509868622,5.82276105880737,0.0687999725341797
"930",25000,36.2183368206024,5.74105405807495,0.0594780445098877
"931",25000,35.6114940643311,6.18930006027222,0.0604991912841797
"932",25000,35.7425789833069,6.64489483833313,0.0690879821777344
"933",25000,35.7164809703827,5.68115186691284,0.0734519958496094
"934",25000,35.2034249305725,6.13088512420654,0.0714709758758545
"935",25000,35.4966189861298,6.52691602706909,0.0717458724975586
"936",25000,35.1364228725433,6.32894921302795,0.0718619823455811
"937",25000,35.4057149887085,6.66933703422546,0.0727341175079346
"938",25000,34.8629050254822,6.44745993614197,0.0688779354095459
"939",25000,35.54336810112,6.31487894058228,0.0706660747528076
"940",25000,36.8673431873322,6.16486597061157,0.0648519992828369
"941",25000,35.3558788299561,6.68729519844055,0.0666089057922363
"942",25000,34.6178109645844,6.17551398277283,0.0641789436340332
"943",25000,35.1563110351562,5.95343613624573,0.0717568397521973
"944",25000,34.5791578292847,5.38998293876648,0.071943998336792
"945",25000,34.8871350288391,6.45103192329407,0.0705959796905518
"946",25000,35.6427028179169,6.48728084564209,0.0712568759918213
"947",25000,36.2324080467224,6.04759502410889,0.0722570419311523
"948",25000,41.4862501621246,6.80117702484131,0.0791809558868408
"949",25000,40.6518499851227,7.19902181625366,0.0792539119720459
"950",25000,36.3989360332489,6.76145792007446,0.0651648044586182
"951",25000,36.530769109726,6.0854389667511,0.0708901882171631
"952",25000,35.5485880374908,6.43636703491211,0.0751171112060547
"953",25000,35.3698260784149,6.1344621181488,0.0740029811859131
"954",25000,38.1038069725037,5.85224294662476,0.0675768852233887
"955",25000,35.6778590679169,6.35549116134644,0.074509859085083
"956",25000,35.852881193161,6.40123581886292,0.0765941143035889
"957",25000,35.58726811409,6.68911194801331,0.0625250339508057
"958",25000,35.5941429138184,6.46516489982605,0.0712940692901611
"959",25000,36.4583899974823,7.80799317359924,0.0715830326080322
"960",25000,36.9898300170898,6.4853949546814,0.0739607810974121
"961",25000,35.9544010162354,7.03961896896362,0.0735671520233154
"962",25000,35.6205499172211,6.83414101600647,0.0745730400085449
"963",25000,35.1857850551605,6.82887411117554,0.0820369720458984
"964",25000,35.6866610050201,6.47561001777649,0.0731370449066162
"965",25000,36.2314269542694,6.8226420879364,0.073401927947998
"966",25000,35.2798280715942,6.3159019947052,0.0641601085662842
"967",25000,35.5131690502167,5.97260880470276,0.074336051940918
"968",25000,36.6047449111938,6.52847814559937,0.0633230209350586
"969",25000,36.4902160167694,6.38792300224304,0.0889971256256104
"970",25000,35.9177141189575,6.25579285621643,0.0648629665374756
"971",25000,37.0159718990326,6.04443597793579,0.0734999179840088
"972",25000,36.3118860721588,6.44397592544556,0.0710198879241943
"973",25000,36.3504991531372,6.42512202262878,0.0743720531463623
"974",25000,35.5796449184418,7.02090716362,0.06911301612854
"975",25000,35.9016270637512,6.62432408332825,0.0645971298217773
"976",25000,37.2522571086884,6.76865005493164,0.0812070369720459
"977",25000,36.9826350212097,6.55529499053955,0.0633618831634521
"978",25000,36.1790108680725,6.06852197647095,0.0713307857513428
"979",25000,35.8700098991394,5.96510291099548,0.0747270584106445
"980",25000,35.3078629970551,6.43774080276489,0.0762009620666504
"981",25000,36.7311751842499,8.81102013587952,0.0771248340606689
"982",25000,37.1497340202332,6.6112060546875,0.0694999694824219
"983",25000,35.6430780887604,6.50152897834778,0.0637099742889404
"984",25000,35.1266651153564,6.28477692604065,0.0771510601043701
"985",25000,35.7412910461426,6.77600693702698,0.0756359100341797
"986",25000,36.3590059280396,5.65152192115784,0.0672240257263184
"987",25000,35.5139219760895,6.3878960609436,0.0660061836242676
"988",25000,36.7898609638214,6.49606490135193,0.0737509727478027
"989",25000,35.3766791820526,6.09361600875854,0.0886549949645996
"990",25000,36.0380229949951,6.5086829662323,0.0753099918365479
"991",25000,35.9849572181702,6.13465189933777,0.0628540515899658
"992",25000,35.6833159923553,6.41356515884399,0.0860669612884521
"993",25000,35.5989530086517,6.57921481132507,0.062697172164917
"994",25000,35.9214479923248,6.17613387107849,0.0751938819885254
"995",25000,35.1577379703522,6.60497903823853,0.0637271404266357
"996",25000,36.7371089458466,6.02214503288269,0.0614252090454102
"997",25000,35.4572908878326,6.18910098075867,0.0634851455688477
"998",25000,38.3964238166809,5.98532485961914,0.0690720081329346
"999",25000,35.2245221138,6.5597460269928,0.0645380020141602
"1000",25000,37.2004950046539,5.70601582527161,0.0743670463562012
