"0","rm(list=ls())"
"0","source(""Functions.R"")"
"0",""
"0","# Set up estimators to be used in the estimation via {synthdid} package"
"0","estimators = list(did = did_estimate, sc = sc_estimate, sdid = synthdid_estimate)"
"0",""
"0","# Set seed for replicability"
"0","set.seed(100)"
"0",""
"0","# Draw random index to select 1 dataframe per simulation for visualization"
"0","index <- round(runif(1, 1, 1000)) "
"0",""
"0","# Set up relative path for working directory"
"0","path <- ""C:/Users/benny/OneDrive/Studium/Tübingen/DS in B&E/4. Semester SS2024/B520 Research Seminar on Marketing/Code"""
