{"chunk_definitions":[{"row":23,"row_count":1,"visible":true,"expansion_state":0,"options":{"engine":"r","label":"Setup","warning":false,"message":false,"dev":"png"},"document_id":"D9F2FBB0","chunk_id":"csetup_chunk","chunk_label":"Setup"},{"row":367,"row_count":1,"visible":true,"expansion_state":0,"options":{"engine":"r","label":"IPTW matching","dev":"png"},"document_id":"49567B20","chunk_id":"c5fowgtfwekcn","chunk_label":"IPTW matching"}],"doc_write_time":1718392268,"chunk_rendered_width":700}