"0","# Load data"
"0","estimates_per_heterogeneity_random <- read.csv(""Output/Data/all_estimates_per_deviation_random.csv"") %>%"
"0","  select(-X)"
"0","estimates_per_heterogeneity <- read.csv(""Output/Data/all_estimates_per_deviation.csv"") %>%"
"0","  select(-X)"
"0",""
"0","# Add bias column for plotting"
"0","estimates_per_heterogeneity_random <- estimates_per_heterogeneity_random %>% mutate(did_error = abs(did - Effect)) %>% "
"0","  mutate(sc_error = abs(sc - Effect)) %>% mutate(sdid_error = abs(sdid - Effect)) "
"0","estimates_per_heterogeneity <- estimates_per_heterogeneity %>% mutate(did_error = abs(did - Effect)) %>%"
"0","  mutate(sc_error = abs(sc - Effect)) %>% mutate(sdid_error = abs(sdid - Effect))"
"0",""
"0","# Compute bias per Treated and Heterogeneity"
"0","random_biases <- estimates_per_heterogeneity_random %>% group_by(Treated, Heterogeneity) %>%"
"0","  summarise(did_bias = mean(abs(did - Effect)), sc_bias = mean(abs(sc - Effect)), sdid_bias = mean(abs(sdid - Effect))) %>%"
"0","  pivot_longer(cols = c(did_bias, sc_bias, sdid_bias), names_to = ""Method"", values_to = ""Bias"")"
"1","[38;5;255m`summarise()` has grouped output by 'Treated'. You can override using the `.groups` argument.[39m
"
"0","non_random_biases <- estimates_per_heterogeneity %>% group_by(Treated, Heterogeneity) %>%"
"0","  summarise(did_bias = mean(abs(did - Effect)), sc_bias = mean(abs(sc - Effect)), sdid_bias = mean(abs(sdid - Effect))) %>%"
"0","  pivot_longer(cols = c(did_bias, sc_bias, sdid_bias), names_to = ""Method"", values_to = ""Bias"")"
"1","[38;5;255m`summarise()` has grouped output by 'Treated'. You can override using the `.groups` argument.[39m
"
"0","# Random treatment"
"0","random_bias_plot <- ggplot() +"
"0","  geom_line(data = random_biases %>% filter(Treated == 5), "
"0","            aes(x = Heterogeneity, y = Bias, color = Method), size = 1) +"
"0","  geom_point(data = random_biases %>% filter(Treated == 5), "
"0","             aes(x = Heterogeneity, y = Bias, color = Method, shape = ""Treated = 5""), size = 3) +"
"0","  geom_line(data = random_biases %>% filter(Treated == 10), "
"0","            aes(x = Heterogeneity, y = Bias, color = Method), size = 1) +"
"0","  geom_point(data = random_biases %>% filter(Treated == 10), "
"0","             aes(x = Heterogeneity, y = Bias, color = Method, shape = ""Treated = 10""), size = 3) +"
"0","  scale_color_brewer(palette = ""Set2"","
"0","                     labels = c(""did_bias"" = ""DiD"", ""sc_bias"" = ""SC"", ""sdid_bias"" = ""SDiD"")) +"
"0","  scale_shape_manual(name = ""Treated"", values = c(""Treated = 5"" = 16, ""Treated = 10"" = 17),"
"0","                     labels = c(""Treated = 5"" = ""5% treated"", ""Treated = 10"" = ""10% treated"")) +"
"0","  labs("
"0","    title = ""Bias per heterogeneity in random assignment"","
"0","    x = ""Standard deviation of treatment effect distribution"","
"0","    y = ""Bias"","
"0","    color = ""Method"""
"0","  ) +"
"0","  theme_minimal(base_size = 15) +"
"0","  theme("
"0","    plot.title = element_text(face = ""bold"", hjust = 0.5, size = 20), "
"0","    axis.title = element_text(face = ""bold""), "
"0","    legend.position = ""right"", "
"0","    legend.title = element_text(face = ""bold"", size = 15), "
"0","    legend.title.align = 0.5,"
"0","    legend.text.align = 0.5, "
"0","    panel.grid.major = element_line(color = ""grey80""),"
"0","    panel.grid.minor = element_blank(),"
"0","    axis.title.x = element_text(size = 18),"
"0","    axis.title.y = element_text(size = 18)"
"0","  ) "
"0",""
"0","# Non-random treatment"
"0","non_random_bias_plot <- ggplot() +"
"0","  geom_line(data = non_random_biases %>% filter(Treated == 5), "
"0","            aes(x = Heterogeneity, y = Bias, color = Method), size = 1) +"
"0","  geom_point(data = non_random_biases %>% filter(Treated == 5), "
"0","             aes(x = Heterogeneity, y = Bias, color = Method, shape = ""Treated = 5""), size = 3) +"
"0","  geom_line(data = non_random_biases %>% filter(Treated == 10), "
"0","            aes(x = Heterogeneity, y = Bias, color = Method), size = 1) +"
"0","  geom_point(data = non_random_biases %>% filter(Treated == 10), "
"0","             aes(x = Heterogeneity, y = Bias, color = Method, shape = ""Treated = 10""), size = 3) +"
"0","  scale_color_brewer(palette = ""Set2"","
"0","                     labels = c(""did_bias"" = ""DiD"", ""sc_bias"" = ""SC"", ""sdid_bias"" = ""SDiD"")) +"
"0","  scale_shape_manual(name = ""Treated"", values = c(""Treated = 5"" = 16, ""Treated = 10"" = 17),"
"0","                     labels = c(""Treated = 5"" = ""5% treated"", ""Treated = 10"" = ""10% treated"")) +"
"0","  labs("
"0","    title = ""Bias per heterogeneity in non-random assignment"","
"0","    x = ""Standard deviation of treatment effect distribution"","
"0","    y = ""Bias"","
"0","    color = ""Method"""
"0","  ) +"
"0","  theme_minimal(base_size = 15) +"
"0","  theme("
"0","    plot.title = element_text(face = ""bold"", hjust = 0.5, size = 20), "
"0","    axis.title = element_text(face = ""bold""), "
"0","    legend.position = ""right"", "
"0","    legend.title = element_text(face = ""bold"", size = 15), "
"0","    legend.title.align = 0.5,"
"0","    legend.text.align = 0.5, "
"0","    panel.grid.major = element_line(color = ""grey80""),"
"0","    panel.grid.minor = element_blank(),"
"0","    axis.title.x = element_text(size = 18),"
"0","    axis.title.y = element_text(size = 18)"
"0","  ) "
"0",""
"0","ggsave(""Output/Plots/Bias_per_heterogeneity_random.png"", random_bias_plot, width = 10, height = 6, dpi = 300)"
"0","ggsave(""Output/Plots/Bias_per_heterogeneity_non_random.png"", non_random_bias_plot, width = 10, height = 6, dpi = 300)"
