"","did","sc","sdid"
"1",2.01633689471363,1.94119115706383,1.99334555961418
"2",1.81171347306112,1.86422839566665,2.13291737680769
"3",1.01780131384376,1.51798128680547,1.34831556730206
"4",2.32405180357717,2.69048440323994,2.37160915934609
"5",2.45968315632392,2.89150030468508,2.31453713133776
"6",2.09969707810413,1.39136156182983,2.74256092622524
"7",1.9537070486109,2.03582782440782,2.37823080472907
"8",2.51442992566913,2.69376817200907,1.59676857999507
"9",1.47053162405207,1.45741848861722,1.90029549118433
"10",1.77145482822057,1.77453062394305,1.96921341817221
"11",2.00578257354281,1.96453099749406,1.78083023714325
"12",2.41473204862367,3.13123504434626,2.40014988582493
"13",1.65485010042792,2.72659110738577,1.95740146473578
"14",2.31560244093959,1.17564776457328,1.91017906955815
"15",2.91919062434294,2.22552795837828,2.45452909246815
"16",1.8683784045484,1.85061293269937,1.79386619627124
"17",2.40186034600182,2.0977662927652,2.23639330654131
"18",2.85410156615785,2.34893772602908,2.39069568074336
"19",1.43340311762691,2.96714538505167,2.02697299014694
"20",1.08806561304754,1.55967775737365,1.29612748871556
"21",1.90437847980966,1.63340564382024,1.75594350371723
"22",2.08351038512025,2.23194383259823,2.04978139001496
"23",1.01986678324234,0.586768808582803,0.768048316569986
"24",1.37691577077521,1.66612866963305,1.79034897632176
"25",2.37740947104173,2.18219768140264,2.12399970661465
"26",1.23580307127063,1.06883763857555,1.75471886517737
"27",1.94345458400025,1.651142600763,2.02868206133207
"28",2.06949678959237,1.52238043731309,1.72983942570515
"29",2.7814428382506,2.71716443509874,2.44455611695349
"30",2.61128012936195,1.29440605022996,2.10327873467113
"31",2.85237237613898,2.57630228777391,2.69451252485572
"32",2.20871979845286,1.74532607928512,2.44599159319822
"33",2.69108807917538,2.61096091422805,2.36248276962969
"34",1.9457819954217,1.65640894985911,1.82959392308685
"35",1.26037810711348,2.05712519051358,1.51060155688162
"36",0.956961662649949,0.721995994650545,0.844532614798881
"37",2.65346539862971,2.5988928571003,2.47031108556301
"38",2.05420049480342,1.88219973885453,2.1308522354018
"39",1.63727388839149,1.13745470551019,1.74345467073746
"40",2.48658618503617,1.97869977155775,1.88716847291864
"41",1.3507588774329,1.08869476600332,1.42831630788447
"42",1.92522869636544,2.43588163508611,2.21600293796351
"43",1.32420984919994,1.36922092744908,1.42221050286047
"44",1.56147272701633,1.54995361362041,2.05171988280832
"45",1.95214772451561,0.571854649781479,1.67843064322259
"46",2.87528331165821,2.67672792585504,2.08127616013454
"47",0.92238557430343,1.50343419377704,1.75707961764078
"48",2.74284171183044,1.81395963662637,2.36971261414203
"49",2.2235749307295,2.37750389740357,2.1965348622777
"50",1.12044225210699,1.19786052514727,1.11399054777132
"51",1.37689047697854,1.64183086863372,1.73472846630886
"52",1.51568012152444,0.773414786734692,0.959798482876873
"53",1.64659792528005,1.17704367633693,1.26863860327052
"54",2.11688234472043,2.3460440598045,2.16911457679751
"55",1.52950293487033,2.41705246713313,1.38150117297048
"56",2.02342726588712,2.06059769639717,2.08666572789194
"57",1.63678261138787,0.272745187337718,2.12197477342924
"58",1.91600437896186,1.2557102057368,1.77230806099363
"59",2.40068391626497,1.24277907904459,1.59850006938431
"60",2.1611021769656,3.02339622688681,2.21313172739721
"61",3.00686361605898,2.71274287526344,2.83888775570488
"62",2.48390062594969,1.42753463925285,2.10375365685711
"63",2.15701695267469,2.05782353977064,1.84100363918929
"64",1.99207211478242,2.86797623621439,1.80801997436496
"65",2.56088557724627,2.02022563209564,2.28993884151923
"66",0.747259646560375,1.4121955294924,1.30818969110805
"67",2.23851424668394,1.14641129332732,1.40283277656158
"68",2.74154452076466,3.09521047038146,2.23529705732288
"69",1.9493597505101,2.76560840057442,2.18199685474883
"70",1.80389734161343,2.32734468101216,1.98430034219783
"71",1.29805558220898,1.52623090705507,1.53315347469509
"72",1.71387554410271,1.17246729651049,1.72673630785331
"73",1.0078094040996,0.818253013430803,1.43796196585206
"74",2.30743997627332,1.6142731154426,1.61130853526831
"75",3.09082502481268,2.97587639286193,2.56884416454428
"76",2.98334403936353,2.97079728995786,2.97759313260455
"77",1.60706395618995,1.06258717609002,1.82822265902218
"78",2.27508458715902,2.18162326536448,2.2356718332033
"79",1.47953252595626,0.784748130682656,1.28829219538662
"80",2.09717965279067,0.917197543296363,2.23060287350259
"81",2.5814229584943,2.65913617016496,3.34391059276547
"82",2.42161679551325,2.57364080666109,2.49249366853561
"83",1.58228373393975,1.1223497621382,1.55446685243119
"84",1.24687417777808,1.33231952536903,1.85997848750442
"85",1.95853731454261,2.84963194538678,1.94934263943683
"86",1.8677161091507,0.614215705804152,2.0249590692595
"87",1.96193716413428,2.51630110418647,2.51500937355678
"88",1.11491367436214,0.963490156712562,0.96286823477976
"89",1.94281397908268,0.865920260265669,1.88602274792005
"90",1.26450238450514,1.0646537546087,1.12293565825617
"91",1.57979692983967,1.1841600112623,1.78218438352112
"92",2.95102311470773,2.08225242457618,1.89493938801598
"93",2.3692303919888,3.42475585643084,2.2609672329895
"94",1.79369743477682,1.63456436605845,1.82226496231628
"95",1.35689082193833,2.22827868033472,1.56949148138523
"96",2.69466772622289,3.36732598640961,2.54729033916308
"97",1.59722834900653,0.958870542749906,1.33069346140037
"98",2.20797010123455,2.50108043577058,2.21144281951562
"99",1.86851795535827,2.22189264355296,2.08869408121323
"100",1.92351970219047,1.3926345140902,1.36322628738427
"101",1.30970557324283,1.55240102257189,1.87850424370343
"102",1.1223642130062,0.664907848477834,0.959526418102795
"103",1.47646841446985,2.09674011770128,1.63277574704816
"104",1.24157454435881,0.552044502777201,1.29367516490281
"105",1.69639370347356,2.4790409114513,1.95798589057217
"106",3.04159382064414,2.84592876758618,3.04602085919101
"107",2.03923443113705,2.31267814742392,1.82543639192282
"108",1.61584988819111,2.44049514211523,1.87470272053942
"109",2.41714031497817,1.28561073660106,1.60550677067961
"110",1.30027075058855,1.12514295763776,1.19765064090101
"111",1.90492161863723,2.24941156727951,2.25026492441798
"112",3.97344552796588,4.78705817803488,4.00206073185949
"113",1.53986070888759,1.69830944388305,2.10175694926914
"114",2.26405955581539,1.44204841806752,2.32232774816555
"115",2.29205779743311,2.12462494001221,2.09205765981555
"116",1.02594679095098,2.33246353752807,1.16175020759889
"117",2.25686002074148,2.85265647648871,2.62590607412041
"118",1.38113058910993,2.10113698492963,1.53727867829411
"119",2.39160567297873,2.52581610979694,2.54888116771081
"120",2.70335429176722,2.04215140036527,2.51840673222002
"121",1.44824998308065,2.48776434439192,1.6427117395523
"122",1.56389746288425,1.12297652967114,1.64969066858305
"123",1.85286405154365,0.770824266971183,1.55654413942099
"124",2.31808383564214,3.72002369487995,2.35255441370336
"125",2.04245098057704,2.50524473573899,2.38131230431895
"126",1.07137793357027,1.58266804466022,1.49583334218811
"127",2.32556419954813,2.50047821499442,2.3779769653646
"128",2.64773399651541,2.55322788681795,2.30277770882544
"129",1.97141914330479,2.53611703041884,2.51334599823086
"130",3.04965025177322,3.01059969209293,2.78143904710952
"131",2.3554847710419,2.32910700689721,2.3142119109034
"132",1.79994418499691,1.96552908244017,1.96604492161192
"133",1.88090455081403,2.20530740506423,2.26124309551055
"134",2.02015171017892,2.93711408611196,2.44365647031454
"135",1.37205722015273,0.578631164889452,1.4833811957205
"136",1.58041331319483,1.71795810733092,1.83495087202605
"137",1.88074532409964,1.93726599165316,1.42413587096925
"138",1.81549747249093,2.70489689438254,1.6113170441479
"139",1.81965068796987,2.59408582525986,2.23632071063094
"140",1.88253468684905,1.54268785900079,1.85451909497173
"141",2.20727714209667,2.56353235548522,1.95359320596722
"142",1.5276953788504,2.05917701278215,1.95641828662805
"143",2.81284864293203,2.43237130222754,2.7970353076266
"144",2.31043268831092,2.54040239497889,1.7030118055516
"145",1.81331541820928,1.45976258475704,2.51280527113251
"146",1.64570473166265,2.71875126936682,2.56871683730231
"147",2.54226530466746,3.77436030432502,2.62958610920289
"148",1.93253188592878,2.3634558083168,2.28993091489563
"149",2.74060291068249,2.4129783818579,2.53549462424068
"150",1.55101174549359,1.60075847730005,1.56565863105335
"151",2.31424481765186,2.6775022358127,2.84174282117021
"152",3.05208521475009,2.45146141634795,2.4646193517734
"153",2.66120791864457,2.62799112188752,2.44755599458933
"154",1.06873030556715,0.742108505894194,1.53889462082486
"155",2.14220314929183,2.62708955605634,2.4925943067224
"156",1.22266937564216,0.443016217497796,1.49555142306485
"157",1.68554749098092,2.13404367310757,1.8464040460771
"158",2.02239738317237,2.02339973950859,1.66098122195088
"159",2.49880036485938,2.87187218363095,2.82897585961012
"160",1.44426055564231,1.56235741616537,1.53387056636661
"161",2.09612623046931,2.07901858714237,2.68322231792235
"162",2.52398435568583,2.90907506565557,2.14149843102448
"163",1.12427609183575,1.28779199784127,1.31864469005986
"164",2.64127378472157,2.37536876695427,2.75863573288697
"165",2.92553881528686,2.48246361099616,2.34549631395715
"166",2.53042039472663,2.40640903710982,2.19140616153488
"167",2.66008991372104,2.77479285994063,2.68921415874087
"168",1.98189584187835,2.26747958908439,2.10755238355425
"169",1.34122216008231,2.47866480650636,1.4338982281555
"170",1.94258686893382,2.9847405684141,1.76867320559536
"171",1.42308537135617,1.95245746757732,1.34426223941187
"172",1.72586461951257,2.04215299795538,1.96497567150447
"173",2.65106174058929,2.44323615524469,2.16451100243474
"174",2.49164289037288,2.00217076826388,2.76478723789513
"175",2.41627235893364,1.96912956335628,2.16149417158742
"176",2.54426972169565,2.4503171269498,2.66329020346915
"177",1.97748897516981,2.05560023366789,2.12063701021541
"178",1.81314664663151,2.95315465594036,1.79354826631632
"179",1.98467288395917,1.53659068083736,2.2012456623461
"180",2.94886570385292,2.14390540520422,2.95995348669953
"181",1.28363662033633,2.37751281093012,1.79812148118663
"182",1.07202694853727,1.92557684601916,1.48921509416502
"183",1.24297666123551,1.35169713342829,1.50544207141773
"184",1.55911799046712,1.8326979137442,1.7608807763983
"185",0.839032703759397,2.43170249740665,1.22321497549512
"186",1.82334273747926,1.63097776839023,1.87493016297851
"187",2.1599396434458,3.34010945140225,2.64225240934661
"188",1.25619389440031,1.59300927127777,1.42041869010281
"189",2.75496629124181,2.96709770497514,2.12767724441406
"190",1.12602348701543,1.37245968415045,1.69156264515448
"191",1.89507238143438,1.48047045592136,1.89838495419142
"192",1.92031498301465,2.01974244961861,2.05590597093553
"193",1.6733852091008,0.15703126460724,1.47805594791322
"194",1.85518606303839,1.47678506065909,1.63147345134389
"195",2.12035175933943,2.34362906901534,1.57609689045594
"196",2.88660179745584,2.5101288411312,2.70877335150252
"197",2.4731941262262,2.12981002943498,2.36264130940954
"198",2.24642500393164,2.65037685808821,2.30598463069687
"199",1.77049880099477,2.60647068928688,2.32971810374814
"200",1.65032409784762,2.7445120092388,2.20179657210007
"201",1.73103773410068,0.827688536750861,1.45838014345207
"202",1.04595465328283,2.35303846777921,1.4739415510486
"203",2.65116365647511,2.92542016178919,1.93656805662865
"204",1.49377922079998,0.808229392922002,1.48074605030773
"205",2.33625035967403,1.71830555800337,1.95961365279689
"206",2.53450649436641,2.6867257544983,2.23528730158463
"207",3.04597973993725,2.58526707596109,2.27666626858493
"208",1.94750779935678,0.353961169408462,1.91165419928195
"209",0.535721107968335,0.171278109842085,0.604794561638792
"210",1.72763783855829,2.15749858120737,1.74519351492474
"211",2.13833750910304,0.438225309457403,2.08960976822323
"212",2.61333663490909,2.83334467869012,2.24791113349686
"213",1.00660869907884,1.51523927373738,1.40444676174794
"214",1.99605090778124,2.33658686061288,1.90839476028553
"215",2.05499001095036,2.98922903450817,2.26227469329239
"216",2.14537313364841,1.91156800130104,2.37977717536228
"217",2.48500496761172,2.40193451204987,1.87099323721936
"218",2.03387587178954,1.60060111133416,2.7934930373021
"219",1.58004213987384,1.49083088049816,1.36919143473335
"220",2.24988356188264,1.9283605103214,2.54028000325397
"221",2.10126842949936,1.84409504803915,2.05009090959291
"222",2.32355021431003,1.58634188107745,1.61145479643666
"223",1.23105635464633,1.9242979599236,1.34391818795366
"224",2.61082731953207,1.93120929294805,2.57458224332685
"225",1.40167815035299,1.76207613764596,1.71496242152398
"226",1.36247957241394,0.801053570871149,1.35785006301826
"227",3.15306758215508,2.59171465648283,2.63668258465945
"228",2.66937904661507,2.17467790608147,2.14892297451168
"229",2.37536006600023,2.26381675098207,2.1182608127602
"230",2.78201174920734,2.10654229345084,2.53309730224008
"231",1.70887550419085,2.25328324924053,2.02137632023904
"232",2.95023244727159,1.22175213913077,2.26126676435876
"233",1.67442802840833,1.50399913872593,1.60750092368637
"234",2.06612745662067,1.98105268363935,2.07798702167557
"235",1.82025518563942,1.31783557587011,1.6910447733711
"236",1.96256497682602,2.61238353136693,2.21465138286123
"237",2.03906189952504,2.4804538016351,1.74611078571317
"238",2.64862812938224,2.39206097606708,3.04822306672683
"239",2.0812695555552,2.89698424862306,2.42211235904741
"240",2.26146980804192,2.1597005667951,2.04239718979226
"241",2.65288835658247,1.57490601949455,2.55099583398651
"242",2.73738447587241,2.54268728172501,2.65155490148953
"243",1.73297493624027,-0.480737087238764,1.4783984286702
"244",1.93752713488576,1.77334579044558,2.07505859335788
"245",1.85774352699853,0.89946128117339,1.44977691126069
"246",1.61101195947676,2.5643506692661,1.68677040325472
"247",2.01057844756322,2.84897798089891,2.58243562300096
"248",3.20659144033624,2.10600933242601,2.81286115988483
"249",0.621809552224621,1.12492450206083,0.972400236241682
"250",1.51723725648989,2.13906367352825,1.90582961923841
"251",1.98021472095289,2.1582303032606,1.92131429310704
"252",2.42104852489077,2.12228743546801,2.09627450403096
"253",1.77097249365866,2.49623869343692,1.87915749788796
"254",1.50234844333457,1.0049930763481,1.32707909542181
"255",1.61830970175436,0.916608047960728,1.59775999210169
"256",2.03751735842007,2.03827902534545,1.7759301265715
"257",1.03552452243907,1.15292879130906,1.33812852438643
"258",2.26316325206759,2.41903195592551,1.73760138427996
"259",1.2641158614413,0.828074364677653,1.4052149527976
"260",2.99172251258759,1.73609071942732,2.37489752301868
"261",0.98398318938425,1.93299633254232,1.33278935728975
"262",1.99714049465925,1.55143246454709,2.1029444557842
"263",1.88890474990607,1.76400845767841,1.75987563634293
"264",1.21579361390639,2.34527065560482,1.92484801039735
"265",1.60001551774473,0.987714241218344,1.55736844848681
"266",1.47441859443478,1.06125225331034,1.1327601682787
"267",2.77964058661611,2.77229993167448,2.81602352701708
"268",2.82846304204201,3.93350299378554,2.73291467075411
"269",2.42358219387751,1.73394131445449,1.84929654078533
"270",1.62263247934664,2.95804612269152,2.19935615498707
"271",1.08993776891985,0.699229808796442,1.06820266687924
"272",2.88572646885452,2.24336808474935,2.79868155886191
"273",2.23023324739217,1.64122154234422,1.95837502143851
"274",1.79088339800866,2.69294698966177,2.06353182065205
"275",1.6849110219287,2.00965816258673,2.01013438604947
"276",2.51914215938364,2.30270464162849,2.42567390277435
"277",0.878675361066195,0.0782503505300524,1.52355385895556
"278",1.88471809106898,1.47107769023642,1.65442944569219
"279",2.11258327393592,2.1646710298896,2.10608837108524
"280",2.60673764595332,2.79243866786776,2.07414201011827
"281",2.35374376760412,2.22575784683338,2.16796929183275
"282",0.943379699714326,1.96582210420064,1.99591217005476
"283",2.39761990737158,0.925609125188719,1.74167119484557
"284",2.18058866591336,2.8685887961823,2.8141263039232
"285",1.89798801025493,2.36754081800302,2.14135392158388
"286",1.45971300605828,1.48081850304221,1.420887711279
"287",2.72914353568781,2.64184331595324,2.57854399378936
"288",2.10465853182987,4.00366909803709,2.62917387230928
"289",1.0973664153629,0.351240820708991,1.24771815922828
"290",2.59178272706047,2.19855887259411,2.56286591844676
"291",1.28893529321902,2.3292348031444,1.73558205910673
"292",1.86369698409166,2.32299122362064,1.99027542186233
"293",1.04293404346,1.56998419539056,1.31138452306332
"294",0.430744836666946,0.310144718950366,1.14130306212342
"295",2.09769346457891,2.75111334253123,2.2746391583451
"296",1.78300713091221,3.08983875289891,2.17796772506323
"297",1.69925723802152,1.29567925568182,1.4126945442428
"298",1.96723912472006,1.45074845834495,1.97601545222981
"299",3.10101539651809,2.86354442007714,2.93651079261008
"300",2.26503021722357,2.82549643525002,2.06448556201284
"301",2.26461132611519,1.81778444779244,1.59887163810106
"302",1.82671347456471,1.57896525994799,1.59562229623633
"303",2.52656295644047,1.5339622823371,1.84698394589803
"304",2.56609709648857,2.50430714769494,2.65654703508912
"305",1.7462180474121,2.70228605122867,2.30839358277802
"306",1.51676395571259,2.76137794012016,1.43015900494039
"307",1.82801556048737,1.53654515025199,1.99881139562294
"308",1.76146359705364,1.15100630569764,1.3716107564612
"309",2.26342305917847,1.95183650768185,2.18535351500419
"310",2.74188710352826,2.03160916416072,2.40109799247913
"311",2.44365897671103,3.03277700786541,2.29448548236842
"312",1.63416239276599,1.77367283651393,1.54001351127661
"313",1.53081166515046,1.71453362127992,1.57406355540057
"314",1.96072428378467,2.39507063609511,2.13658100638884
"315",1.19277065326458,1.71994615950041,1.39743367642648
"316",2.19322885999873,2.53257738482034,2.53777017091762
"317",2.34050878187698,1.97492583196387,1.84356273613667
"318",2.60885454045004,2.51048162332627,2.3955278562174
"319",2.01129649023107,1.9224885052049,2.09452754487712
"320",1.81438456164566,3.14115957606101,2.0922936513532
"321",2.06314298314914,2.0575174387675,2.16391199679583
"322",2.9574267363837,2.45507451359811,2.51955397894744
"323",2.74977740070575,2.8542133463748,2.80094302230203
"324",3.14789227288053,2.43939696706472,2.38791847547664
"325",2.14750777791187,2.20249223765508,1.88533702480508
"326",1.06736207894486,1.13627886359007,1.81559784022681
"327",1.09861517789473,1.851665772577,1.43371755247546
"328",2.0855970585305,2.33916020929707,2.53994629919147
"329",1.09152194680782,1.91086838962817,1.45284326550348
"330",1.69771904575807,2.19747325780181,1.56339598178202
"331",1.87866540534177,1.64778935940327,1.7001684587815
"332",2.15688371935722,2.43690580302324,2.5258384383238
"333",1.35690949882712,2.05505526438348,1.96121785746987
"334",1.99751940362214,2.24328065316152,2.30961447602129
"335",2.45932935063981,2.31095525638331,1.73969615267445
"336",2.32897632364828,2.51799511316941,1.65769927173549
"337",1.47211924523464,2.61144077531673,2.29956041774032
"338",2.65978100769567,3.88105896056752,3.05716343480935
"339",1.90346780349023,3.08567660848842,1.91196100193528
"340",0.606786418145367,0.807386741108268,0.775042705133471
"341",2.58293845992764,1.78489452302248,1.95180578700793
"342",1.84989397559174,1.21612862894138,1.77063351955175
"343",1.70881025595388,0.43802881493853,1.27672018982554
"344",0.810753526141528,1.51525402038326,1.33876476736572
"345",2.51944227187173,3.47489766097712,2.57464186348314
"346",1.7412349034407,2.90648154854865,1.71280898059128
"347",2.10945604876788,2.21377939753329,1.4583740976102
"348",1.39858658965652,1.5804421736401,1.35427258425659
"349",1.78689836564208,2.77354547132464,1.9494106930964
"350",2.1199507253325,0.425314053786742,1.54768684484427
"351",1.47136733929532,1.90199674765457,1.53130258953376
"352",1.02075725372604,1.50319854854995,1.10881991448546
"353",3.34314813126389,3.73763670070932,3.2677975792319
"354",2.15248582417825,1.93699269646021,2.36051402504208
"355",1.5631074967323,1.20752844013706,1.32143009483708
"356",2.20974307366461,3.07187023202672,2.37798802417949
"357",2.33338114430677,2.63074951328626,1.92254180630457
"358",1.90730218424578,0.530680957410721,2.28970337587533
"359",1.38722349422421,1.3080377338874,1.57589337817271
"360",2.0130330586993,2.43469595008698,2.51331637862051
"361",1.40714531150528,2.90234307491827,1.70683529424623
"362",1.90119091496742,2.05498835156007,1.92450511477743
"363",1.65074270508284,1.28255946378045,1.40552636753088
"364",2.2898114338356,1.82162432913281,2.29760878334051
"365",2.18781402165973,1.94992320855006,2.05808124016272
"366",3.03117276505897,2.45394355935268,2.79499604282908
"367",1.5607524009582,1.58957331361244,1.71151024844934
"368",1.39419026359169,2.24564112050406,1.92575606623472
"369",2.65500033232717,1.65550143866562,2.30355728747662
"370",1.64325530721729,2.18859691615899,1.59262190983197
"371",1.27654652149413,1.83909604045885,2.01762048129753
"372",2.31398776501645,2.73755756995167,2.25334533718964
"373",2.07595491599487,1.27585739013416,1.78249539104313
"374",1.60825687635899,2.22289136338843,1.95369025372068
"375",1.84376700619016,1.84849359493495,2.33314798051787
"376",2.05384057433155,1.55642105283988,1.95386454297479
"377",2.87863851731191,3.96773013614142,2.82591939904256
"378",2.04194360964252,1.17590809015077,1.82442033447383
"379",1.89882196481732,2.21557635622001,1.72283625726286
"380",1.66872046050265,1.83129486677605,1.8086346876118
"381",2.58171504076667,1.17627237504875,1.2511994720583
"382",1.84711773942638,1.52747785729045,2.13314017514105
"383",1.93833683406424,1.27284096816761,1.66827034348111
"384",2.21464930338349,1.4747789065454,2.08875570664356
"385",2.57128041700442,1.56197704433412,2.41408767732439
"386",1.70383890345677,1.89537424421051,2.1605793922586
"387",1.24446834990724,0.828169863658862,0.963297843727551
"388",3.05368525804691,4.26185292317953,3.20060415372556
"389",1.22661633072102,0.736787979673227,1.18787932512107
"390",1.63183554833757,1.57098313321558,1.62710288417102
"391",2.12032287711395,2.01558426592117,2.17578231614982
"392",1.90210127982828,0.131780690444127,0.892686927720938
"393",1.67135834816192,1.22069865207793,1.63185098977044
"394",3.08420547142935,2.52132006578596,3.04640562964272
"395",2.40688183629558,1.86270839996031,2.11631583356197
"396",1.97204612138529,1.26560279957801,1.99136758498195
"397",1.69478585363363,1.20678592069367,1.65493094871148
"398",2.35749936994204,2.31020356885153,2.36399424551026
"399",1.74979613046967,1.7902799713926,2.05584449612183
"400",2.88688734426092,2.14028904408143,2.77028172191036
"401",1.90840394190882,2.28660653730732,1.84434594545209
"402",2.01574501740924,1.9409698414709,2.30804114671703
"403",2.55308090797938,1.27391213484752,2.44471059729775
"404",2.11076474552774,1.53767934523624,1.42621194188368
"405",2.12485012837571,2.31346930586159,2.39578544305909
"406",2.25046047235454,3.13035584559266,2.35469877259237
"407",2.64356545721264,3.23804116651501,2.72962021411411
"408",1.53432328345834,2.45480312972131,1.95538858121481
"409",2.45879452208924,2.07806049151417,2.1193035833934
"410",1.74287011893109,1.44516275912041,1.37937026692332
"411",1.61332056798927,2.21606294694469,1.44950743570642
"412",2.03422077453322,2.50097475137531,2.35151879044692
"413",2.09876319174407,1.87536134878391,1.92202392223036
"414",1.76639785986701,1.55937964690952,1.74956165967949
"415",1.67170476099969,1.98244888043181,1.70463446905557
"416",1.695906754735,1.53759254541251,1.83322016433075
"417",1.75459743767333,1.7072965131521,1.86152440581527
"418",1.98268846483395,2.13730122093717,1.94140293795294
"419",2.10866262832946,1.94415494938261,1.79783592932565
"420",2.14598853966425,1.11859505323146,1.77227808003003
"421",3.21715462059189,2.45287516521378,2.84055962599353
"422",1.1412228605621,1.99255965856716,1.43888617688153
"423",2.32336617774762,2.84780778844965,2.74134172874275
"424",1.70908303505748,1.9937713951868,2.04922244119339
"425",2.08699002909441,1.48162179495574,1.60281015480871
"426",2.05915358806268,1.80589855687278,2.58587116569853
"427",1.6711640623269,1.40301172397149,1.77049714508025
"428",2.33717127044204,1.48638483310832,1.68299058051719
"429",1.95156195539401,2.79281955013026,2.10279593371773
"430",0.573469274107626,1.66366831892266,1.24546464253672
"431",1.04417930166175,2.11255451684587,1.63618632451878
"432",1.07037162939645,1.34429592792816,1.26771333199474
"433",0.68310266368372,0.776827211900862,0.837192846630169
"434",2.37628188711019,1.72221183623239,2.04986614815474
"435",1.78573170379651,1.12268226601458,1.58167557708704
"436",1.94379683386317,2.04899869721977,1.94366732482566
"437",1.07516012240893,1.65556702482829,1.07238410108491
"438",3.13193986608258,2.33087330178711,2.69826559729255
"439",2.49061502809755,2.27976223553667,2.22982458464461
"440",1.71542494084426,1.90337050515849,1.97614672817039
"441",2.01184372700025,1.82205090704691,1.95888467187795
"442",2.95986934500572,2.1758260841361,2.67145200561357
"443",1.56975557436439,1.55515575279789,1.70325164897817
"444",2.00736992286421,2.55192324167747,1.95945196520205
"445",1.88024281548692,2.78973551151831,2.1632328381218
"446",2.31290330675562,2.6137714586259,1.95789399187024
"447",2.54578860533671,2.57596600912617,2.43200252284285
"448",2.58583652969903,2.47749270314468,1.98980192444543
"449",1.985921363163,2.11912387210298,2.04272283279154
"450",2.79191349700424,2.32037347667915,2.50927096993193
"451",1.81836116440684,1.70454007572003,1.51345542739736
"452",2.27784294239686,2.69768219880878,2.21644043842762
"453",1.45182327965576,2.36796999165438,1.98582684067137
"454",1.70919125021084,2.63117088809859,2.63109446702896
"455",2.5450621529132,2.39743902834465,2.07225387804386
"456",1.60701196030361,1.59351404164553,1.72280760916128
"457",2.8511631577827,2.36382767446597,2.41022760618372
"458",2.57494288759809,2.65386545340387,2.07644030938173
"459",0.697666823918233,0.629526635682507,1.33962599787167
"460",2.41919820112699,1.91455047660078,2.27268554248059
"461",1.26250013933554,1.09963787906901,1.12650483684892
"462",0.872135512514351,2.47026162069769,1.63079361826827
"463",2.91292610991521,1.79230557259801,2.28537999358398
"464",2.14404437314992,1.68607910942169,2.15052327993718
"465",2.29578394149378,1.48258877179403,2.17387935289911
"466",1.65601221908423,2.32505728618567,1.49404181177742
"467",1.4092400415107,1.61092612245502,1.60073757657591
"468",1.26278648151847,1.34460545247375,1.1010791785369
"469",1.56310606958079,1.93781405721185,1.72363124805238
"470",3.35447320985104,2.27513490114732,2.89871589666569
"471",1.51516440527672,1.5587198605821,1.88639583864132
"472",2.04408722209458,1.64142865300859,1.92642742261469
"473",1.83463249239381,2.4026175691598,1.9699329581062
"474",2.50623734075765,2.15014458979126,2.23498928571007
"475",2.01844425062917,1.86331810264023,2.00671261921869
"476",2.13731617106157,1.64054976957881,2.0955710784677
"477",2.40705107229447,2.25075520414253,2.94688005314645
"478",1.77425433458953,2.58885701663454,1.93217562593628
"479",1.53054325072625,1.33158562276808,1.57394454159337
"480",2.23942486934235,1.85713241532491,2.00103671745213
"481",2.63280196240444,3.05992833613973,2.47962174840529
"482",1.48115920734388,0.948978166778224,1.51955669375339
"483",2.34407632214246,2.64052531948354,2.02060516678279
"484",2.25900193933486,2.09081498455114,2.28502657477565
"485",1.9610687326173,1.58206359352933,1.46794908177904
"486",1.75746823301627,1.66978936672021,1.87160708407941
"487",2.48900245180625,2.58352501054889,2.51744721031078
"488",2.58710410868153,3.46936433076357,2.80598784849933
"489",1.80945642618434,0.970226100198778,1.58068853322705
"490",2.7373126944252,2.50817970988124,2.54117726742055
"491",2.47212933218625,1.49560816522697,2.34519661157647
"492",2.69355747522408,2.67356151443132,2.66471252060938
"493",1.93158240516258,1.2829844314034,1.71777598951579
"494",3.47008255122288,3.12539139393005,2.91113448738012
"495",1.75764424571785,1.409862657729,1.70357022717322
"496",1.93509633234229,1.11279192419968,1.70002006551628
"497",1.773214506136,0.532444072141922,1.53247211142962
"498",2.35150753519545,3.14167771080183,2.63462845235108
"499",1.72712477975557,1.17666235803153,1.51874684300137
"500",1.47223338770692,1.61544104677448,1.56711627918607
"501",1.38107119072267,1.42938572611396,1.51329613155246
"502",1.4122201340886,1.51734077998508,1.61277112154553
"503",2.92765726716978,2.62366951612889,2.47041019603475
"504",2.42195556733632,1.74470434501204,1.87367391523306
"505",1.69207090734434,2.97339925657116,1.03733913493729
"506",2.37899436222583,2.24195950132396,2.05048185560936
"507",1.71614476357747,2.78483986706366,1.64331169489902
"508",2.56348332202684,2.41513615001459,2.20223094326029
"509",2.12394604780983,2.03304271469597,2.16923622286108
"510",2.13409305073799,2.98405925373152,2.22161024564774
"511",2.38680478442805,3.12937549826605,2.12190702206299
"512",2.62668082555648,1.56469459748328,1.84501647930235
"513",1.60747364712956,0.807288541604096,1.44321425347285
"514",2.8340833367724,4.67186706733213,3.00278724695561
"515",2.20654433109665,2.7426014642681,2.36708887186643
"516",2.26224562610998,1.70828327020474,2.16406766986399
"517",2.1115382350512,1.82367081037685,1.86128323471078
"518",1.97238450433663,1.52486340154625,2.07425593321183
"519",2.08172312603892,2.78637719715663,1.93946198863345
"520",2.09803101419384,3.25172146513591,1.80064690841235
"521",2.99038193922539,2.65121835616321,2.46488958792381
"522",2.33238600442332,1.76087020791415,1.6652441472233
"523",0.492809065822883,2.00075688394853,1.7114957841237
"524",1.13827771686521,2.01712097987921,1.38435278080065
"525",3.01169208252091,2.82018045067402,2.03922783708714
"526",2.33586717797129,1.33146415062057,2.1670060938187
"527",1.81287267459975,3.39615979817412,2.06439773843402
"528",2.2079834200422,2.24218206833083,1.90331419994114
"529",2.51367841573071,3.34891224565051,2.43751893262676
"530",2.30748338936643,2.21269213807627,2.30792344687264
"531",2.62660843701364,1.92298097193842,2.30325703073995
"532",0.871116996608609,2.00238459750248,1.28464598627422
"533",2.40123527684619,2.66205066002539,2.39144381067172
"534",1.42336145916631,1.80863324352902,1.79046307999294
"535",1.64007789336082,2.31772981126495,2.33564085968593
"536",3.33926962441319,2.47544605658947,3.02035995564109
"537",1.18021410837854,1.32607577559985,1.72000522827284
"538",2.4363521193978,2.33777508947364,1.99655930608029
"539",1.8898631432771,1.68930343195052,1.76662103105598
"540",2.03570228679184,1.79006475971661,2.09571846480826
"541",2.60055071339514,0.935568263464321,1.77242017843947
"542",1.2368301637477,1.93756270206466,2.36100433896018
"543",2.40384736056814,1.59966409151414,2.27007457939049
"544",1.80713757147131,2.44472139432986,2.29473037677911
"545",2.71085321215473,2.06538479432864,2.78977756945483
"546",1.3533711265039,1.68309661039346,1.10086062065386
"547",1.76334638164664,1.94744399951403,1.43474379592047
"548",2.01996266805649,2.74461027790724,2.26648101652273
"549",2.90116432456504,2.25250493868363,2.54027281586347
"550",1.89554578036074,2.02913344486152,2.28385052876778
"551",2.60823022181771,1.44060535545309,2.6703267578271
"552",2.15506268173814,2.05426725278581,1.86218037781583
"553",1.22272019250114,1.15396861509623,1.43366106676404
"554",2.66657444889144,3.13375908462648,2.6762600612245
"555",2.10207961161702,1.95034158337286,1.85161055725137
"556",1.6258244323624,1.3163034113206,1.58166620520026
"557",1.33327956671082,1.01299598832933,1.45346367283632
"558",2.25253649765345,1.4525977937097,1.73399070451769
"559",2.59487882453852,1.91378138309615,2.28309100431608
"560",0.996099640254506,0.69530638297139,1.42943738010461
"561",1.3139940567593,2.10729570455857,1.71019215000911
"562",2.22097131548856,2.18334460049482,2.07406284921462
"563",1.73203211629329,2.69855586794709,2.20035184109334
"564",1.42880592576646,1.34189239090591,1.40941578107433
"565",2.15098500652724,2.00147279868435,2.8629644103344
"566",2.20262756470335,2.60292795118272,2.34712333106789
"567",1.61634724290503,1.87698495574598,1.59481042177157
"568",2.23303712009108,2.31938976084861,2.60459994752043
"569",2.5291056770505,2.46645072930548,2.51016195608138
"570",2.97801842335461,2.85958926871508,2.85738143469599
"571",2.07869553267364,1.25440256398982,2.25100612821212
"572",1.63400418820095,1.59627106737904,1.57201635480636
"573",2.71655029871038,2.31399021930916,2.43722598750683
"574",2.21189650950171,2.67394889971166,2.52437871079687
"575",1.85768457781367,1.87604467445655,2.15002277686534
"576",1.79591324691111,2.15918087499991,2.016490934354
"577",1.83049182438504,0.928766659530795,1.53941899735882
"578",2.23113244079477,2.25029977748782,2.2700448981835
"579",1.47814359640126,2.13250987846587,1.38574941220419
"580",0.798582372531113,1.3652348984201,1.24187618538803
"581",3.20883403390623,3.11950240337904,3.44988460894683
"582",2.87955278701036,3.21292435505573,2.59156163669832
"583",1.48092940190538,1.52976209515274,1.45297102374467
"584",2.31543898427787,2.95101282514601,2.54986696703211
"585",2.05536833728923,1.62279029784647,1.57174149371384
"586",1.61431167469068,2.64366104622631,2.41944514095941
"587",1.78042889844734,2.94355876871404,2.30918654275808
"588",1.66575555302744,2.11069367845525,1.61105739418332
"589",1.54437126772201,1.15510057325617,1.432208552467
"590",2.26899751743995,0.431170224795101,2.31599687780243
"591",2.92378531206153,2.17994271484623,2.35636700341971
"592",1.6282666168998,1.30727298908933,1.1600523808235
"593",2.13749120717227,2.20240535826959,1.79291785398368
"594",2.15302420037928,1.78672125139441,1.98218380308991
"595",1.33045774306947,3.14546559329664,2.14767812462592
"596",3.19522976833514,1.90723246815143,2.61326358885134
"597",1.81486425193399,2.13862414070277,2.37956939681506
"598",1.26881476042682,1.34923644964147,1.82510591190107
"599",3.03511708077626,3.04350118287618,3.11565599930895
"600",2.54416156002409,2.68751892389333,2.7150043474665
"601",2.135095147731,1.77457123246212,2.52126083144497
"602",2.66692022781946,3.35884830595801,2.82416562886515
"603",2.34072824006747,1.42427339754016,1.65434719138526
"604",2.22236281437134,1.43798191629267,2.22531541586959
"605",2.13090097478195,1.33034994381373,2.36476532162943
"606",1.95895887716105,1.62338033175209,2.05207746605625
"607",2.68819701791459,2.08525986772944,2.42653867970063
"608",1.67117713897011,1.65986401046744,2.09342594746932
"609",2.10492466648672,1.74050841880075,1.89204735603314
"610",1.47704352552364,1.9842373549216,1.98067127745096
"611",1.48253203328152,2.00663363001899,1.82862516261399
"612",2.78614664390164,2.72011803145588,2.60990412111957
"613",2.3744293244485,3.01008946095805,2.77472017828025
"614",1.99517155139577,2.27469751146598,1.75899533585146
"615",1.45235884425868,0.851484673588602,0.918254818405325
"616",2.538717232172,1.92606357822637,2.07031857323374
"617",2.13133975098293,2.43691493047719,1.81138424391597
"618",1.95399253206568,2.1308377337923,1.87408208268965
"619",2.29609970885953,2.72976514269996,2.42482150586521
"620",1.8102481432351,2.28034409392947,2.07034370517624
"621",2.20263275995501,2.25387205750937,2.20674926260536
"622",1.41518530738448,2.94676926421145,1.94932346464849
"623",2.33973822133285,2.32192916915753,2.72634053886894
"624",0.790916503117698,2.20266277759698,1.45509094986566
"625",0.973015265992289,1.41160725842911,0.764855679185527
"626",1.66937822226857,1.46462374201016,1.63115377529318
"627",1.63092279698154,2.45186532463789,1.82193735692904
"628",3.01957849850187,2.37085463941198,2.32759401566425
"629",1.85149021754795,1.77364315482351,1.66217440283312
"630",2.24728666863568,2.69212388890485,2.22265498221244
"631",2.72467679307889,2.28641383246463,3.0557874629904
"632",2.07947297945669,2.07253837035951,2.04781893551748
"633",1.94229086990015,2.50050496305509,1.76138333531015
"634",1.76840581623355,2.87062802262124,1.92241601045129
"635",2.40985434578302,1.97689157929239,2.63697263482634
"636",2.69915064966122,2.38518263668858,1.86405943575163
"637",2.59413976433642,2.49593922174115,2.58788586923542
"638",2.58074770982346,2.34328224543747,2.06401547439432
"639",1.96567491494539,2.35690280568225,1.89529347078901
"640",2.04557759526216,1.80798053998013,1.97747141189105
"641",1.36477265062069,0.195355085403103,0.954595839896004
"642",2.5306401603763,2.30476070315131,2.65362056917328
"643",0.873943848973516,1.49617342257414,1.29632848114836
"644",2.0940657114037,2.39301779320159,2.18230760693924
"645",2.32854930680374,1.25702189726623,1.97882966008085
"646",1.79763580244677,1.65098787358816,1.93749573145457
"647",2.04989023348548,2.39301368161971,1.78510100714758
"648",2.17266509902451,2.31867709855134,2.26937307859283
"649",1.79402892761946,2.72210782114801,2.13025413964247
"650",1.33596065411307,1.5675893044879,1.66058981863844
"651",1.92589882534481,1.28577148691151,1.36568961688116
"652",1.40934480071272,1.51262325205974,1.28411731452592
"653",2.40074164210678,2.31831428903444,2.51528018729035
"654",1.56612679341452,1.15393863481591,1.6302732587899
"655",1.62361132065753,1.94005278576198,1.74483053456521
"656",1.38938944287589,0.652303166269507,2.05995261959243
"657",2.9376381715559,2.79755721262315,2.65917951235924
"658",3.08705945363225,2.3285766961487,2.88123051519818
"659",1.71890965854238,1.55477021570121,1.67570150753288
"660",2.43582109169383,3.37518046305867,2.59894639858545
"661",2.41521282734454,1.87044076927548,2.2130083505475
"662",2.09435946055907,1.69843982529492,1.99752778049727
"663",2.32818280717493,1.75638226580378,2.05165249596581
"664",3.56097845732925,1.71535956633973,2.767173328524
"665",2.61982413764987,2.12458261631955,2.14696710591176
"666",1.86484107305959,2.24648554555719,2.26532018570368
"667",1.3309441648451,2.7587699634926,1.91667454003657
"668",2.0048598521448,2.56689236445514,2.19148455253962
"669",1.2733881738525,1.43015569689897,1.5685868947384
"670",1.01989875892186,1.20389539005639,1.471795300656
"671",1.88175513815147,3.45003477271584,1.58564331981578
"672",0.979437275597761,1.2233062257071,1.34643748879774
"673",2.1587396593003,2.37859573693121,2.13812701979584
"674",2.051802455451,1.81913110899589,2.04137217919261
"675",1.44444184668464,2.03897263898658,1.759633836561
"676",1.65581325741616,2.6145501760218,2.20079158350026
"677",3.18527554321841,1.99791870665113,2.33863389687062
"678",1.75378150348698,1.72269908589218,1.4360647982007
"679",2.9400666045183,1.80677833425388,2.53961561223513
"680",2.20996492364897,1.67574421810881,1.47627632832017
"681",1.02850349977541,1.79461221607784,1.50719960272324
"682",2.13544462963984,2.08656206611004,1.8355117522466
"683",1.64779871370186,1.94926539416352,1.75413113164898
"684",1.9332924526872,2.2457042141338,2.07825251796799
"685",1.93177820883362,1.70796020819079,1.87249539206681
"686",1.80790799992369,2.16731014366565,2.22485558735149
"687",1.56123330518908,2.61962755513344,1.7359189408644
"688",2.26549301231671,2.1844296718251,2.06201309762258
"689",2.04434437990464,1.82206554010331,2.09498136409337
"690",2.48956243724332,2.17842658776111,2.3756999652866
"691",1.96963720239165,2.32462933003128,2.06256138943559
"692",2.04009884811849,1.24528920488509,1.84505322509795
"693",1.71869241713076,1.40054887521059,1.46724178686603
"694",2.14957398902013,1.12585294369962,1.38961446974976
"695",2.73166324968415,2.76561566517061,2.28219036157549
"696",3.07750043192623,2.73509070110842,2.62358172767979
"697",2.05413364036095,1.98374817178389,2.05803750313479
"698",1.0141897659778,0.0234938860292367,1.03738937330415
"699",1.61432951887936,2.12153215388117,2.25043241192386
"700",2.6297625859818,1.80197227419114,2.03271402032866
"701",3.00581782531249,2.49248800087695,2.51947020895257
"702",1.91819869938779,1.97879979731715,1.97345955279338
"703",2.20254613771746,0.582847444361509,1.6038834585319
"704",2.05066832324735,2.31088975933783,2.39471131055371
"705",1.93396887883136,2.19796749610608,1.588416453897
"706",1.38051062313182,2.57829658491824,2.32286401547799
"707",1.77707025696953,1.22031646150979,1.53818065774076
"708",1.27962094379129,1.92017396324794,2.00360414249403
"709",3.03336147061304,2.67363754665981,2.85136679311846
"710",1.11092784891893,2.13144987111843,1.48729692725436
"711",0.969448720187105,1.55905231356674,1.47068726901007
"712",2.33124049066465,3.03521820742351,1.86750204632513
"713",1.13022430799431,2.42884198082859,1.34315421360341
"714",2.37740545190954,1.72488026313031,2.03944184980406
"715",2.00058474286992,1.58244155110751,1.94843070751877
"716",3.8279072932598,3.13393242556791,3.37722974256214
"717",1.45173549214803,1.67181943898763,1.66884573065162
"718",1.61024381093345,2.32364798382029,1.70955034170646
"719",2.00767745194501,2.5486291225527,2.44947191445924
"720",2.23287421704211,3.27313787624831,2.245466111989
"721",2.9730410208636,3.39975232288439,2.75128957980293
"722",1.07518246422675,1.51000253552444,1.23006551676593
"723",2.00712848415037,1.54734260290256,1.40007678077512
"724",2.01110785753703,1.67348891217572,2.0499310356674
"725",0.817105468238419,0.376227423103642,0.850653505309547
"726",2.6579335555755,2.96441408845805,2.6483463929449
"727",2.79138616287391,2.28512836843709,2.25672436153354
"728",2.35017304004914,2.17623317871693,2.05976747632781
"729",0.50154223149198,1.68198086768998,1.4198223868388
"730",0.806930537078387,1.35598971711508,1.46332078496371
"731",1.59700423776748,2.53859366650976,2.05010410275247
"732",1.72654155118352,2.71294280226144,1.99301893889044
"733",2.621670096326,3.17859730755611,3.01166003345342
"734",2.07558433946054,3.16158169037388,2.55387398341388
"735",2.21470400868098,2.61372997489718,1.99854418713003
"736",2.02526906345914,1.26009037457716,1.95043670683125
"737",1.57382972020206,1.59962248649726,1.54766605079098
"738",2.43942914955598,2.48665861812329,2.28101855508373
"739",2.79210041390589,1.71813738474361,2.21293003736545
"740",2.08511373577018,3.0820401001806,2.55865198455288
"741",2.91805940438418,2.54307253221668,2.55759287235351
"742",1.72464066715319,1.67420062942629,1.73814750892229
"743",1.39073282754954,1.25856351944173,1.53982596735546
"744",2.63333510422439,1.86023317528008,2.27397542786273
"745",1.31124013683306,1.56207406289403,1.1405769632466
"746",3.40703737183906,3.25531811726155,2.87446604092916
"747",2.29858281674082,2.23886890537084,2.30784955798953
"748",2.95062812056836,2.10530397278266,2.51624619596999
"749",2.16048082321344,1.41973199564425,1.6970373373668
"750",1.15746321499242,1.53675206127084,2.03388440777206
"751",2.37403092107437,1.65219503068171,1.42989807216102
"752",0.887632979734965,1.12422786254802,1.09986035733787
"753",1.73603104771375,0.982530738725303,1.77416912590734
"754",1.06629745251657,2.6991171712541,1.82607999068829
"755",2.24315040217655,2.44499499438234,2.15019523215123
"756",3.13177969141001,3.17830944268587,2.98344806728263
"757",3.06167430529466,3.1000190796857,2.62713525779366
"758",2.8238104509965,2.14306435217297,2.3285325357987
"759",2.6846222022569,2.75842583385153,2.446103245196
"760",1.8742321690255,1.71540350454296,1.87637853027273
"761",1.83574142138726,2.49630869829168,1.84941736588251
"762",2.7354402821168,2.76694671572906,2.57572785064428
"763",1.64996187424182,2.3605750707961,1.94047778082456
"764",1.13400218788051,0.511055808325945,1.4166212515753
"765",3.73444115492161,3.04561039848768,3.32584516765472
"766",1.62389563763518,1.8144942508377,1.5595790076001
"767",2.06089868714581,0.279387772458835,1.48256558616755
"768",2.38248740592391,3.3685195406693,2.5647972721436
"769",2.584995795435,2.61684424077171,2.58060395128225
"770",3.77703851915975,2.97146117363386,3.48326033334854
"771",1.79896690564177,1.78586434534626,1.88088461945193
"772",2.49682658071314,2.75239022389083,2.60773613006002
"773",1.66572722730519,2.31246385914867,1.82953514749041
"774",2.28839880890586,1.59955111798245,2.41384146574178
"775",2.44412243940708,2.01092961935228,2.50917573356963
"776",1.76897659324333,0.854907275492958,1.45063648904953
"777",2.36405379305055,1.90555283403032,1.80555820704704
"778",1.76888619886459,2.24466401234027,1.98308030829064
"779",2.21325743345698,2.76311328409496,2.24275201487119
"780",2.55398831747926,2.44838984912229,2.96425224326696
"781",2.43157458435757,2.39728848631961,2.38560237811901
"782",2.18395779601556,1.0759141477344,1.93696240233539
"783",2.55021786422676,2.24269393676062,2.1704164122493
"784",1.82240760094636,1.62772706729698,1.85193099746015
"785",2.93769414448466,2.94600595672005,2.63487209082597
"786",1.91283155153117,2.65865701124703,2.10029473639655
"787",1.76448257075752,2.93644431775147,1.89754730174694
"788",1.16608224767945,-0.154042537596409,0.808604606855614
"789",0.90151241674348,1.05451422749138,1.70484804377686
"790",1.60264958873504,2.58708753839775,2.25643901625048
"791",1.9505727890822,2.11205631458756,1.82754265079236
"792",2.60319851003303,1.88590551657836,2.04911082797934
"793",1.7914493415858,2.58034964692972,2.35194085151835
"794",0.873139523443213,0.855593291097948,1.22371849467276
"795",1.8179028174382,1.56056856665828,1.31280962095063
"796",2.8483334245391,2.00661129481291,2.23807392836085
"797",2.19153256748602,2.31423522369673,2.28525848251515
"798",1.33397318933461,1.37488431288951,1.52189673204143
"799",3.15731535761046,3.45238132139127,3.06266051987874
"800",3.03329090529472,1.56354970450033,2.27236205270375
"801",1.37849852751671,1.58072550311773,1.32144765859619
"802",1.59296141347843,1.36424567632397,1.87634045800929
"803",1.29794756502714,0.437857378229559,1.36052741560891
"804",1.24641255778353,2.05416448577358,1.57421897866681
"805",2.86407039294645,2.49561119868403,2.63627902933234
"806",1.93914680567012,2.33013446763507,1.95192561250695
"807",2.69020734243405,2.73012611167582,2.16006484067439
"808",1.84119808968467,2.67266463257731,2.0851779600108
"809",1.43717799479633,1.43929391303957,1.69568266275291
"810",2.45508127574511,2.7098103096321,2.28451789316258
"811",0.50884665663875,0.904462352819171,0.545397206659363
"812",3.59686806594393,2.85033884238941,3.26245307112963
"813",1.10809406744345,0.791434608648812,1.08715934321626
"814",1.26565996689255,2.66757834400048,1.72005905001124
"815",1.73151963153511,0.855120733034169,1.64927764573237
"816",1.90008968296648,2.74157265107008,2.27525974795971
"817",2.26462916942588,1.99191929292401,2.02911154068099
"818",1.20455432216466,2.37937900879726,1.45137777751421
"819",1.88648864471574,2.58638946733092,2.19024606101985
"820",2.67408594208492,3.05577080009573,2.61194799853594
"821",2.0890192314114,2.10129197903968,2.02164706887676
"822",1.38188438470554,1.82969912894958,1.8563053415214
"823",2.10204308603066,2.35383168379673,1.76831164569718
"824",2.48748181600076,1.55353309380302,2.53631457868684
"825",1.03543694271375,1.21437703184546,1.56543758327025
"826",2.59124940771348,2.30811594755486,2.71385093332463
"827",1.51192901047762,2.60116230011923,1.99395277876726
"828",1.846804875089,1.56262449855849,1.38624484522804
"829",1.6622042556245,1.78546339781162,1.70258993627589
"830",1.94179588239516,1.06322323117671,1.92939847869452
"831",2.92188476683583,3.39266018792989,2.96318697694118
"832",2.89510926328744,2.23865188640924,1.87710649536581
"833",1.69770109769668,1.15128138094308,1.43938574952732
"834",3.31246455608768,3.17561822386284,3.18156308036694
"835",1.83575617164131,1.65308497194633,1.73155781123539
"836",1.18577246893462,0.459535088889262,0.998513484807935
"837",2.29258231552164,2.50926118829683,2.36800785951529
"838",1.06437640687736,1.04616771162378,1.46492623636809
"839",1.81620013624798,2.04892271247752,1.55795899706577
"840",2.27635723858354,2.85358000349204,2.26411734466259
"841",3.15853361157673,3.06219866706758,3.01509795014309
"842",1.66470602957693,2.99392663547111,2.06433236231811
"843",1.54174235184253,1.6153598185364,1.93773837887245
"844",2.35146084965959,2.01110693519146,2.12406320071709
"845",1.95925617346847,2.33960353601404,1.99958273143851
"846",2.51368635467412,1.00087026808212,2.35646916288508
"847",2.83770707734386,2.43662887944162,2.10575031853582
"848",1.62957577976844,2.52406715387088,1.81023948961688
"849",2.59081537819822,2.42442611457699,2.35662694567223
"850",2.73666753199892,2.43955990671223,2.43468584357828
"851",2.48209030912106,2.54865776450936,2.33062979363516
"852",1.6880402230253,1.42253260710363,1.16463515901396
"853",2.31652815149279,2.17904612144169,1.98717903166359
"854",2.86914619721222,3.52520635676781,2.55653907281704
"855",0.993794730609946,0.955379595302959,0.845004828223996
"856",2.03763837078963,2.19430835160736,2.30767001918216
"857",1.90744246333652,2.01545349519135,1.9592405718589
"858",3.20670443724595,2.35896730763004,2.52584101742757
"859",2.25488684444037,1.9647880795462,2.36332566619792
"860",2.61912898548113,3.59316276755055,2.70592720852021
"861",1.39259996539006,1.68174460877394,1.68236462268188
"862",2.84673419759364,3.47642853743615,2.51005616884729
"863",3.21009578934749,2.13912902952618,2.65722633766539
"864",1.96442554041565,2.72362452784692,2.12330346270121
"865",2.05220008780833,1.82565170789035,1.68590133817831
"866",1.82886285264567,2.82850672666124,1.91250177483656
"867",2.00369240063369,3.3683872407781,2.03434189997094
"868",2.14365741027008,2.43089638390652,2.21001493397868
"869",1.9296191738497,1.98780074117881,2.24516760741515
"870",1.87858272239335,3.25538373535637,2.17596902612925
"871",2.22567901340527,1.8318431911477,2.06939990718444
"872",1.55157882667642,2.32554119052916,1.97153383588537
"873",1.8190617389586,2.08120458799462,2.00521541510303
"874",1.22330652231012,1.39145777602083,1.62131563546977
"875",2.02314915743349,2.85630040765549,2.33771910096039
"876",2.13922699969947,3.24319172599223,2.48471519868751
"877",1.94778782608406,1.45112551374105,2.04855316701272
"878",2.17213601225463,1.93098982056311,2.28495143848871
"879",2.31259370582334,1.90493996368823,2.23055678825252
"880",1.64148418560784,1.2346714960003,1.2821914480268
"881",1.40717497594121,2.09997923008,1.68400442484351
"882",1.63540641324002,1.50650640279095,1.42175636516617
"883",2.22423253722573,2.66012331795954,1.93186260821075
"884",2.10901010871264,2.09825759139515,1.9325115503242
"885",2.47012712630006,2.50391310464491,2.45693196603277
"886",1.73200871559426,2.86111148387433,2.08515182928532
"887",2.01263039998999,2.13996904156,2.22583154253788
"888",2.29520802133546,2.01954591486076,2.31669533917899
"889",1.42319570031326,1.61354099719787,1.74716969670078
"890",0.2042772555827,0.352185000243768,0.821345016916639
"891",1.23559635052383,1.24541861996019,1.15845272219395
"892",1.80232647884956,1.87871483118235,2.32128370979614
"893",0.633131438661581,0.885459261221241,0.898809114353754
"894",1.99939938588953,2.5126469669441,2.31008551335322
"895",2.85311850902287,2.8335564485932,2.85383088958621
"896",1.93896050832802,1.76542161094883,1.98337001235311
"897",2.02694216069201,1.3682109334926,2.35276902311832
"898",0.852469433211292,2.42387671315422,1.68771499473043
"899",1.88844185885386,1.82159806845525,2.14918615360142
"900",1.96986048560765,1.91592030403206,2.27136586585033
"901",3.63737118675976,2.89420814933252,3.20392149139133
"902",2.27129706975547,0.812850089711052,1.48966402598142
"903",2.44443710377773,3.24424851387392,2.56078880063162
"904",2.89564673482171,1.63533981492397,2.86244108632138
"905",1.32223850542832,1.36448875234546,1.20627867740597
"906",2.2397304352624,2.776438793469,1.73116768847603
"907",1.09203467032585,1.51778288694601,1.62494617722159
"908",1.65243672310639,0.920477767075045,1.46036287784805
"909",2.91597266384707,3.12995938751779,2.37050089288433
"910",2.16998530996765,1.3966210523991,2.00577501107988
"911",1.65694078325736,2.18497853461725,1.76032142626688
"912",2.17528606512588,1.8708283793785,2.15023147257893
"913",2.49764287699843,2.74935688857175,2.27951752072442
"914",2.18392923434641,2.50019534620253,1.9520599304742
"915",1.87050908358899,1.22832598117522,1.64162370525359
"916",1.95684311547459,1.81819833710126,1.91967320618145
"917",1.64875217356786,1.30765975040121,1.87393439512293
"918",2.39766674094449,1.009859836027,2.12563479610157
"919",3.21843032638334,2.85325057543277,2.50221791008306
"920",1.29249351735908,1.72211303733342,1.26673378007552
"921",0.799272654176589,1.16871510311889,1.12369919360241
"922",1.03719820707898,0.795292617381904,1.28049483481836
"923",2.83494634915921,2.75936593838057,2.56154715101905
"924",1.28200114396904,0.53873649336053,1.32161353829173
"925",2.42310749669193,3.09344383892951,2.71576721869619
"926",2.18780098544816,1.60270711946345,1.96433138152141
"927",1.80478735416024,2.28391958681208,1.99223517475345
"928",1.68278654847255,2.21267640639736,1.61743437917606
"929",2.89290011095009,2.52791562885148,2.64883111126469
"930",1.67836099611582,1.77344412948909,1.67608255318532
"931",1.22813954593416,2.49003878659093,1.35166487323579
"932",2.44600028403337,2.82937610909751,2.09815652840834
"933",0.98271434984877,2.08480652538361,1.66009534833105
"934",2.06909573969736,1.67824709318852,1.82025969609275
"935",1.79686911563501,1.4827054486052,1.91028543197257
"936",2.44951778894585,3.29353570386722,2.36996927105037
"937",1.96509495002272,2.55099305170126,2.25314540580274
"938",1.91488553791245,3.35820357382222,1.85123357235111
"939",2.66167654567472,3.10805778644086,2.55298892034065
"940",1.67395069124235,1.70357587787397,1.92664178700611
"941",1.76004156302953,1.05570377923725,1.70458885703661
"942",2.34529854451957,3.33095257112006,2.5824099759083
"943",1.33724404326533,3.23482099393461,2.11407937203276
"944",2.6835958683379,1.57377912124525,2.48638087270063
"945",2.14666047394979,1.72209612596293,1.80125554219045
"946",1.93737989201761,1.3268610647156,1.89097198237119
"947",2.39577554722425,1.5245251554816,2.19277408002379
"948",1.46909320372081,1.09817698078585,2.25762412814068
"949",2.24813515789551,1.39527542084288,1.51890093280123
"950",1.88618209903913,2.25436577392107,1.53317602039241
"951",1.6884468942084,0.793074516816792,1.62662371994275
"952",0.897089995043528,0.84384277434359,1.44819303025497
"953",1.05872496045565,1.06266427176786,1.25513956266244
"954",1.2384779401001,1.70669691641669,1.07845782596953
"955",2.20064408715051,1.52231463740028,1.96810639343545
"956",2.53446367298734,2.54147503354831,2.38816175743658
"957",1.67188603706601,1.46992280052836,2.04298120960602
"958",1.87894239860459,1.00592527871438,1.53307852838047
"959",0.528059206907538,1.58608138979991,1.1096990254583
"960",1.31017717030765,2.02974113556898,1.92033913330055
"961",1.38017360293986,1.29622072503494,1.24922576179363
"962",0.803365909979325,0.568525707995645,1.05925486377126
"963",2.57020786722489,2.91671606708125,2.74343200788318
"964",0.878201177058709,0.705444592124983,0.767317244473943
"965",1.09326613702782,1.97705365014699,1.49671631724239
"966",2.78305068307977,3.33832427291463,2.61582785470668
"967",2.56498206054366,3.28355630154424,2.65697850441125
"968",2.6650535558085,2.31621970394756,2.31226774279102
"969",3.2891091618582,2.23977738172921,2.64633683286766
"970",1.70132245800278,2.58117660836266,1.67848242775254
"971",1.63287676232287,1.27012892796651,1.52497288844013
"972",3.43164548262282,3.91777740167121,3.07565333828969
"973",3.14630611750385,3.47485394529612,2.87087621051865
"974",1.85844720019711,1.74253348807992,1.46080780534513
"975",1.72190899239102,1.65338130234797,1.7893988520792
"976",0.792311019217448,1.34725172677288,1.2270951442121
"977",2.7876894255194,2.48252095505987,2.43395322950005
"978",1.09794374867446,1.84841432104257,1.71386397064191
"979",2.01034655848498,3.39443982170014,2.74617100784081
"980",1.82792491628601,1.96161003628869,1.60287429390867
"981",2.23780716410656,1.76461054805333,2.40523372964376
"982",2.46136692899168,4.00382142966473,2.85049681969279
"983",2.52273151661469,1.7099356096883,2.17585490744023
"984",2.83432844549884,2.77603826040477,2.12625719778781
"985",2.65247865583703,2.39915839057387,2.1930791050821
"986",2.102068827953,2.16753998582037,2.21162698374186
"987",1.48540556593459,1.37807119142619,1.40913564565007
"988",2.13224101528957,2.12542982912961,1.78620554268673
"989",1.68684442757878,2.08845213856809,1.90434868737949
"990",1.8662010599944,1.37637263045939,1.98288600724469
"991",1.18234441900422,1.1278907513081,1.49836265584493
"992",1.71838556470772,2.49813733659541,2.35657413933864
"993",1.41820041112678,1.99034461443464,1.48615708487507
"994",1.62232971256099,1.72194961360205,1.95760161015538
"995",0.811340148814097,1.59292995460944,1.07278625285302
"996",2.52587106083826,2.39316807301317,2.54453920304851
"997",2.45159718978411,2.38547399091321,2.58224119177771
"998",1.71485544503079,1.84497513786996,1.77884992123828
"999",2.22752791968397,3.52746608708153,2.16183279875123
"1000",1.64136149852932,1.1399614184445,1.95795142710532
