"0","# Load data"
"0","estimates_per_N_large_random <- read.csv(""Output/Cluster/Output/Data/all_estimates_large_sample_random.csv"") %>%"
"0","  select(-X)"
"0","estimates_per_N_large_mean <- read.csv(""Output/Cluster/Output/Data/all_estimates_large_sample_diff_mean.csv"") %>%"
"0","  select(-X)"
"0","estimates_per_N_large_trend <- read.csv(""Output/Cluster/Output/Data/all_estimates_large_sample_diff_trend.csv"") %>%"
"0","  select(-X)"
"0",""
"0","estimates_per_N_large_random <- melt(estimates_per_N_large_random, id.vars = ""N"", measure.vars = c(""did"", ""sc"", ""sdid""), "
"0","                  variable.name = ""Method"", value.name = ""Estimate"")"
"0","estimates_per_N_large_mean <- melt(estimates_per_N_large_mean, id.vars = ""N"", measure.vars = c(""did"", ""sc"", ""sdid""), "
"0","                  variable.name = ""Method"", value.name = ""Estimate"")"
"0","large_diff_trend_df_melted <- melt(estimates_per_N_large_trend, id.vars = ""N"", measure.vars = c(""did"", ""sc"", ""sdid""),"
"0","                  variable.name = ""Method"", value.name = ""Estimate"")"
"0",""
"0","# Adjust method names for labeling"
"0","estimates_per_N_large_random$Method <- factor(estimates_per_N_large_random$Method, levels = c(""did"", ""sc"", ""sdid""), labels = c(""DiD"", ""SC"", ""SDiD""))"
"0","estimates_per_N_large_mean$Method <- factor(estimates_per_N_large_mean$Method, levels = c(""did"", ""sc"", ""sdid""), labels = c(""DiD"", ""SC"", ""SDiD""))"
"0","large_diff_trend_df_melted$Method <- factor(large_diff_trend_df_melted$Method, levels = c(""did"", ""sc"", ""sdid""), labels = c(""DiD"", ""SC"", ""SDiD""))"
"0",""
"0","# Boxplots"
"0","# Random treatment assignment"
"0","random_N_large_plot <- ggplot(estimates_per_N_large_random, aes(x = as.factor(N), y = Estimate, fill = Method)) +"
"0","  geom_boxplot(outlier.shape = 16, outlier.size = 2, alpha = 0.8) + "
"0","  geom_hline(yintercept = 1, color = ""red"", size = 1, alpha = 0.8) + # Treatment effect"
"0","  scale_fill_brewer(palette = ""Set2"") + "
"0","  labs("
"0","    title = ""Distribution of estimates per sample size (random)"","
"0","    x = ""Sample size"","
"0","    y = ""Estimate"","
"0","    fill = ""Method"""
"0","  ) +"
"0","  theme_minimal(base_size = 15) +"
"0","  theme("
"0","    plot.title = element_text(face = ""bold"", hjust = 0.5, size = 20), "
"0","    axis.title = element_text(face = ""bold""), "
"0","    legend.position = ""right"", "
"0","    legend.title = element_text(face = ""bold""), "
"0","    panel.grid.major = element_line(color = ""grey80""),"
"0","    panel.grid.minor = element_blank() "
"0","  ) +"
"0","  coord_cartesian(ylim = c(min(estimates_per_N_large_random$Estimate), max(estimates_per_N_large_random$Estimate)))"
"0",""
"0","# Diff-mean"
"0","diff_mean_N_large_plot <- ggplot(estimates_per_N_large_mean, aes(x = as.factor(N), y = Estimate, fill = Method)) +"
"0","  geom_boxplot(outlier.shape = 16, outlier.size = 2, alpha = 0.8) + "
"0","  geom_hline(yintercept = 1, color = ""red"", size = 1, alpha = 0.8) + # Treatment effect"
"0","  scale_fill_brewer(palette = ""Set2"") + "
"0","  labs("
"0","    title = ""Distribution of estimates per sample size (diff-mean)"","
"0","    x = ""Sample size"","
"0","    y = ""Estimate"","
"0","    fill = ""Method"""
"0","  ) +"
"0","  theme_minimal(base_size = 15) +"
"0","  theme("
"0","    plot.title = element_text(face = ""bold"", hjust = 0.5, size = 20), "
"0","    axis.title = element_text(face = ""bold""), "
"0","    legend.position = ""right"", "
"0","    legend.title = element_text(face = ""bold""), "
"0","    panel.grid.major = element_line(color = ""grey80""),"
"0","    panel.grid.minor = element_blank() "
"0","  ) +"
"0","  coord_cartesian(ylim = c(min(estimates_per_N_large_mean$Estimate), max(estimates_per_N_large_mean$Estimate)))"
"0",""
"0","# Diff-trend"
"0","diff_trend_N_large_plot <- ggplot(large_diff_trend_df_melted, aes(x = as.factor(N), y = Estimate, fill = Method)) +"
"0","  geom_boxplot(outlier.shape = 16, outlier.size = 2, alpha = 0.8) + "
"0","  geom_hline(yintercept = 1, color = ""red"", size = 1, alpha = 0.8) + # Treatment effect"
"0","  scale_fill_brewer(palette = ""Set2"") + "
"0","  labs("
"0","    title = ""Distribution of estimates per sample size (diff-trend)"","
"0","    x = ""Sample size"","
"0","    y = ""Estimate"","
"0","    fill = ""Method"""
"0","  ) +"
"0","  theme_minimal(base_size = 15) +"
"0","  theme("
"0","    plot.title = element_text(face = ""bold"", hjust = 0.5, size = 20), "
"0","    axis.title = element_text(face = ""bold""), "
"0","    legend.position = ""right"", "
"0","    legend.title = element_text(face = ""bold""), "
"0","    panel.grid.major = element_line(color = ""grey80""),"
"0","    panel.grid.minor = element_blank() "
"0","  ) +"
"0","  coord_cartesian(ylim = c(min(large_diff_trend_df_melted$Estimate), max(large_diff_trend_df_melted$Estimate)))"
"0",""
"0","# Show plots"
"0","random_N_large_plot"
