{"chunk_definitions":[{"row":23,"row_count":1,"visible":true,"expansion_state":0,"options":{"engine":"r","label":"Setup","warning":false,"message":false,"dev":"png"},"document_id":"D9F2FBB0","chunk_id":"csetup_chunk","chunk_label":"Setup"},{"row":109,"row_count":1,"visible":true,"expansion_state":0,"options":{"engine":"r","label":"Effect of sample sizes","dev":"png"},"document_id":"D9F2FBB0","chunk_id":"cesmopcx0emze","chunk_label":"Effect of sample sizes"},{"row":312,"row_count":1,"visible":true,"expansion_state":0,"options":{"engine":"r","label":"Violation of parallel trends","dev":"png"},"document_id":"D9F2FBB0","chunk_id":"ch2skyrobg3x6","chunk_label":"Violation of parallel trends"}],"doc_write_time":1718357262}