"0","# Set parameters that are used for plotting"
"0","treatment_effect <- 1"
"0","iterations <- 1000"
"0",""
"0","# For random assignment, the simulation with varying number of pre-treatment"
"0","# periods is considered. More specifically, the one in which treatment is applied "
"0","# in period 5 is considered."
"0","N <- 9"
"0","n_treated <- 1"
"0","treatment_period <- 5"
"0","example_df <- read.csv(""Output/Data/Example DFs/example_df_treatment_period_5_random.csv"")"
"0","estimates_random <- read.csv(""Output/Data/all_estimates_per_period_random.csv"") %>%"
"0","  select(-X) %>% filter(Treatment.Period == 5)"
"0",""
"0","# Plot estimate distribution"
"0","estimate_plot_random <- plot_estimates(estimates_random)"
"0",""
"0","# Plot individual example"
"0","individual_plot_random <- plot_individual(example_df)"
"0",""
"0","# Save plots to use in thesis"
"0","ggsave(""Output/Plots/Estimate_distribution_random.png"", estimate_plot_random, width = 10, height = 6, dpi = 300)"
"0","ggsave(""Output/Plots/Individual_example_random.png"", individual_plot_random, width = 10, height = 6, dpi = 300)"
"0",""
"0","# For non random treatment, the simulation with degree of violation of "
"0","# parallel trends is considered. Further, the configuration in which the treated"
"0","# trend is set to 0.5 is considered."
"0","treatment_period <- 8"
"0","N <- 100"
"0","n_treated <- 5"
"0","example_df_non_random <- read.csv(""Output/Data/Example DFs/example_df_treated_trend_0.5.csv"")"
"0","estimates_non_random <- read.csv(""Output/Data/all_estimates_per_treated_trend.csv"") %>%"
"0","  select(-X) %>% filter(Post.Treated.Trend == 0.5)"
"0",""
"0","# Plot estimate distribution"
"0","estimate_plot_random <- plot_estimates(estimates_non_random)"
"0",""
"0","# Plot individual example"
"0","individual_plot_random <- plot_individual(example_df_non_random)"
"0",""
"0","# Save plots to use in thesis"
"0","ggsave(""Output/Plots/Estimate_distribution_non_random.png"", estimate_plot_random, width = 10, height = 6, dpi = 300)"
"0","ggsave(""Output/Plots/Individual_example_non_random.png"", individual_plot_random, width = 10, height = 6, dpi = 300)"
