"0","# Load data"
"0","estimates_per_period_random <- read.csv(""Output/Data/all_estimates_per_period_random.csv"") %>%"
"0","  select(-X)"
"0","estimates_per_period <- read.csv(""Output/Data/all_estimates_per_period.csv"") %>%"
"0","  select(-X)"
"0",""
"0","# Change to long format for boxplots"
"0","random_period_df_melted <- melt(estimates_per_period_random, id.vars = ""Treatment.Period"", measure.vars = c(""did"", ""sc"", ""sdid""), "
"0","                  variable.name = ""Method"", value.name = ""Estimate"")"
"0","period_df_melted <- melt(estimates_per_period, id.vars = ""Treatment.Period"", measure.vars = c(""did"", ""sc"", ""sdid""), "
"0","                  variable.name = ""Method"", value.name = ""Estimate"")"
"0",""
"0","# Adjust method names for labeling"
"0","random_period_df_melted$Method <- factor(random_period_df_melted$Method, levels = c(""did"", ""sc"", ""sdid""), labels = c(""DiD"", ""SC"", ""SDiD""))"
"0","period_df_melted$Method <- factor(period_df_melted$Method, levels = c(""did"", ""sc"", ""sdid""), labels = c(""DiD"", ""SC"", ""SDiD""))"
"0",""
"0","# Boxplots"
"0","# Random treatment assignment"
"0","random_period_plot <- ggplot(random_period_df_melted, aes(x = as.factor(Treatment.Period), y = Estimate, fill = Method)) +"
"0","  geom_boxplot(outlier.shape = 16, outlier.size = 2, alpha = 0.8) + "
"0","  geom_hline(yintercept = 1, color = ""red"", size = 1, alpha = 0.8) + # Treatment effect"
"0","  scale_fill_brewer(palette = ""Set2"") + "
"0","  labs("
"0","    title = ""Distribution of estimates per treatment period (random)"","
"0","    x = ""Treatment period"","
"0","    y = ""Estimate"","
"0","    fill = ""Method"""
"0","  ) +"
"0","  theme_minimal(base_size = 18) +"
"0","  theme("
"0","    plot.title = element_text(face = ""bold"", hjust = 0.5, size = 20), "
"0","    axis.title = element_text(face = ""bold""), "
"0","    legend.position = ""right"", "
"0","    legend.title = element_text(face = ""bold""), "
"0","    panel.grid.major = element_line(color = ""grey80""),"
"0","    panel.grid.minor = element_blank() "
"0","  ) +"
"0","  coord_cartesian(ylim = c(min(df_melted$Estimate), max(df_melted$Estimate))) "
"0",""
"0","# Non-random treatment assignment"
"0","non_random_period_plot <- ggplot(period_df_melted, aes(x = as.factor(Treatment.Period), y = Estimate, fill = Method)) +"
"0","  geom_boxplot(outlier.shape = 16, outlier.size = 2, alpha = 0.8, varwidth = TRUE) + "
"0","  geom_hline(yintercept = 1, color = ""red"", size = 1, alpha = 0.8) + # Treatment effect"
"0","  scale_fill_brewer(palette = ""Set2"") + "
"0","  labs("
"0","    title = ""Distribution of estimates per treatment period (non-random)"",,"
"0","    x = ""Treatment period"","
"0","    y = ""Estimate"","
"0","    fill = ""Method"""
"0","  ) +"
"0","  theme_minimal(base_size = 15) +"
"0","  theme("
"0","    plot.title = element_text(face = ""bold"", hjust = 0.5, size = 20), "
"0","    axis.title = element_text(face = ""bold""), "
"0","    legend.position = ""right"", "
"0","    legend.title = element_text(face = ""bold""), "
"0","    panel.grid.major = element_line(color = ""grey80""),"
"0","    panel.grid.minor = element_blank() "
"0","  ) +"
"0","  coord_cartesian(ylim = c(min(df_melted$Estimate), max(df_melted$Estimate))) "
"0",""
"0","# Save plots to use in paper"
"0","ggsave(""Output/Plots/Effect_of_treatment_period_random.png"", random_period_plot, width = 10, height = 6, dpi = 300)"
"0","ggsave(""Output/Plots/Effect_of_treatment_period__non_random.png"", non_random_period_plot, width = 10, height = 6, dpi = 300)"
