{"chunk_definitions":[{"row":20,"row_count":1,"visible":true,"expansion_state":0,"options":{"engine":"r","label":"Setup","warning":false,"message":false,"dev":"png"},"document_id":"DBDA5013","chunk_id":"csetup_chunk","chunk_label":"Setup"},{"row":91,"row_count":1,"visible":true,"expansion_state":0,"options":{"engine":"r","label":"Effect of sample sizes","warning":false,"message":false,"dev":"png"},"document_id":"DBDA5013","chunk_id":"c3unsr3y1gklo","chunk_label":"Effect of sample sizes"},{"row":161,"row_count":1,"visible":true,"expansion_state":0,"options":{"engine":"r","label":"Effect of Treatment periods","dev":"png"},"document_id":"DBDA5013","chunk_id":"cy51th824dplq","chunk_label":"Effect of Treatment periods"},{"row":252,"row_count":1,"visible":true,"expansion_state":0,"options":{"engine":"r","label":"Effect of heterogeneity","dev":"png"},"document_id":"DBDA5013","chunk_id":"co5rlg14wfkj5","chunk_label":"Effect of heterogeneity"},{"row":382,"row_count":1,"visible":true,"expansion_state":0,"options":{"engine":"r","label":"Computation times","dev":"png"},"document_id":"DBDA5013","chunk_id":"cnrggfqao0b0n","chunk_label":"Computation times"}],"doc_write_time":1718384821,"chunk_rendered_width":700}