{"chunk_definitions":[{"row":23,"row_count":1,"visible":true,"expansion_state":0,"options":{"engine":"r","label":"Setup","dev":"png"},"document_id":"03CBC5CA","chunk_id":"csetup_chunk","chunk_label":"Setup"},{"row":110,"row_count":1,"visible":true,"expansion_state":0,"options":{"engine":"r","label":"Effect of sample sizes","dev":"png"},"document_id":"03CBC5CA","chunk_id":"cpqh5ib0u8b3j","chunk_label":"Effect of sample sizes"}],"doc_write_time":1718188364,"working_dir":null,"default_chunk_options":{}}