{"chunk_definitions":[{"row":23,"row_count":1,"visible":true,"expansion_state":0,"options":{"engine":"r","label":"setup","include":false,"dev":"png"},"document_id":"03CBC5CA","chunk_id":"csetup_chunk","chunk_label":"setup"},{"row":108,"row_count":1,"visible":true,"expansion_state":0,"options":{"engine":"r","label":"unnamed-chunk-1","dev":"png"},"document_id":"03CBC5CA","chunk_id":"csbqbuyhlu6e1","chunk_label":"unnamed-chunk-1"},{"row":253,"row_count":1,"visible":true,"expansion_state":0,"options":{"engine":"r","label":"unnamed-chunk-45","dev":"png"},"document_id":"03CBC5CA","chunk_id":"cc7rec3wjvzp6","chunk_label":"unnamed-chunk-3"}],"doc_write_time":1718134996,"working_dir":null,"default_chunk_options":{}}