"0","# Set seed anew, so chunks can also be run independently"
"0","set.seed(100)"
"0",""
"0","# Set parameters for simulation"
"0","iterations <- 1000"
"0","T <- 10"
"0","n_treated <- 1"
"0","pre_control_trend <- 0.1"
"0","pre_treated_trend <- pre_control_trend"
"0","post_control_trend <- pre_control_trend"
"0","post_treated_trend <- pre_control_trend"
"0","treatment_effect <- 1"
"0","control_sizes <- c(5, 10, 50, 100, 500, 1000)"
"0","treatment_period <- T - 2"
"0",""
"0","index <- 10"
"0","iterations <- 10"
"0",""
"0","# Set treatment effect to be static (only applied once)"
"0","effect = ""static"""
"0",""
"0","# Initialize df to store estimates per iteration"
"0","all_estimates <- data.frame(matrix(ncol = 5, nrow = 0))"
"0","colnames(all_estimates) <- c(""Effect"", ""N"", ""did"", ""sc"", ""sdid"")"
"0",""
"0",""
"0","for(i in 1:length(control_sizes)){"
"0","  "
"0","  # Grab N and n_treated "
"0","  N <- control_sizes[i]"
"0","  "
"0","  # Set up list of simulation parameters"
"0","  simulation_params <- list(N = control_sizes[i], T = T, n_treated = n_treated, treatment_period = treatment_period,"
"0","                           pre_control_trend = pre_control_trend, pre_treated_trend = pre_treated_trend,"
"0","                           post_control_trend = post_control_trend, post_treated_trend = post_treated_trend,"
"0","                           treatment_effect = treatment_effect, effect = effect)"
"0","  "
"0","  # Simulation & estimation"
"0","  results <- repeated_simulation(simulation_function = treatment_simulation,"
"0","                                     simulation_params = simulation_params, iterations = iterations)"
"0","  # Grab estimates"
"0","  estimates <- results$estimates"
"0","  "
"0","  # Grab one example df at random index"
"0","  df <- results$dfs[[index]]"
"0"," "
"0","  # Save example df"
"0","  write.csv(df, paste0(path, ""/Output/Data/Example DFs/example_df_N_"", N, ""_random.csv""))"
"0","  "
"0","  # Add additional simulation parameters to estimates"
"0","  estimates <- cbind(treatment_effect, N, estimates)"
"0","  colnames(estimates) <- c(""Effect"", ""N"", ""did"", ""sc"", ""sdid"")"
"0","  "
"0","  # Append estimates to all_estimates dataframe"
"0","  all_estimates <- rbind(all_estimates, estimates)"
"0","  "
"0","  # Save plot of grouped simulations within each iteration"
"0","  plot_grouped_simulations(results$dfs) %>%"
"0","    ggsave(filename = paste0(path, ""/Output/Plots/data_plot_N_"", N, ""_random.png""), width = 10, height = 5, units = ""in"", dpi = 300)"
"0","  "
"0","  # Print progress info"
"0","  print(paste0(""Finished simulation for N = "", N, "" and n_treated = "", n_treated, "" at "", Sys.time()))"
"0","}"
"1","[1]"
"1"," ""Finished simulation for N = 5 and n_treated = 1 at 2024-06-12 12:22:26"""
"1","
"
"1","[1]"
"1"," ""Finished simulation for N = 10 and n_treated = 1 at 2024-06-12 12:22:28"""
"1","
"
"1","[1]"
"1"," ""Finished simulation for N = 50 and n_treated = 1 at 2024-06-12 12:22:34"""
"1","
"
"1","[1]"
"1"," ""Finished simulation for N = 100 and n_treated = 1 at 2024-06-12 12:22:39"""
"1","
"
"1","[1]"
"1"," ""Finished simulation for N = 500 and n_treated = 1 at 2024-06-12 12:22:52"""
"1","
"
"1","[1]"
"1"," ""Finished simulation for N = 1000 and n_treated = 1 at 2024-06-12 12:23:14"""
"1","
"
"0","# Save all estimates"
"0","write.csv(all_estimates, paste0(path, ""/Output/Data/all_estimates_per_N_random.csv""))"
