"0","perform_iptw_matching <- function(data) {"
"0","  "
"0","  # Identify the treatment period"
"0","  treatment_period <- min(data$Time[data$treated == 1])"
"0","  "
"0","  # Compute pre-treatment means "
"0","  pre_treatment_means <- data %>%"
"0","    filter(Time < treatment_period) %>%"
"0","    group_by(Observation) %>%"
"0","    summarize(pre_mean = mean(value))"
"0","  "
"0","  # Merge pre-treatment means with the original data"
"0","  merged_data <- merge(data, pre_treatment_means, by = ""Observation"")"
"0","  "
"0","  # Fit logistic regression to calculate propensity scores based on pre-treatment means"
"0","  model <- glm(treated ~ pre_mean, data = merged_data, family = binomial())"
"0","  merged_data$propensity_score <- predict(model, type = ""response"")"
"0","  "
"0","  # Compute IPTW weights"
"0","  merged_data <- merged_data %>%"
"0","    mutate(weight = ifelse(grepl(""Treated"", Observation), 1 / propensity_score, 1 / (1 - propensity_score)))"
"0",""
"0","  # Compute weighted observations"
"0","  merged_data <- merged_data %>%"
"0","    mutate(weighted_value = value * weight)"
"0","  "
"0","  final_df <- merged_data %>% select(Observation, Time, weighted_value, treated) %>%"
"0","    rename(value = weighted_value) %>% arrange(Time)"
"0","  "
"0","  # Return data with IPTW weights applied"
"0","  return(final_df)"
"0","}"
"0",""
"0","df <- treatment_simulation(N = 900, T = 50, n_treated = 100, treatment_period = 20,"
"0","                           pre_control_trend = 0.1, pre_treated_trend = 10,"
"0","                           post_control_trend = 0.1, post_treated_trend = 10,"
"0","                           treatment_effect = 10, effect = ""static"", treated_mean = 300)"
"0",""
"0","plot_individual(df)"
